Clinic_Name,Provider_Name,visit_week,Visit_count,AVG_Wait_Time_Minutes,AVG_Visit_Duration_Minutes,AVG_Satisfaction_Score,AVG_Communication,AVG_Cleanliness,AVG_Wait_Experience,AVG_Overall_Experience,No_show_Flag,No_show_Count,clinic_no_show_rate,Visit ID
WESTSIDE HEALTH,DR. PATEL,23,24,15.5,18.666666667,5.625,3.857142857,3,2.857142857,2.857142857,298,3,0.13,1943
UPTOWN MEDICAL,DR. JOHNSON,16,12,15.833333333,20.166666667,6,3.285714286,3,1.714285714,3,292,3,0.25,2016
WESTSIDE HEALTH,DR. PATEL,9,15,16.066666667,19.933333333,6.2,4.333333333,2.833333333,3.666666667,2.5,298,3,0.2,1943
WESTSIDE HEALTH,DR. PATEL,28,9,14.333333333,18.333333333,7.333333333,5,2,4,4,298,2,0.22,1943
DOWNTOWN CLINIC,DR. LEE,24,15,16.666666667,21.466666667,4.533333333,4.2,3,3.2,2.8,327,1,0.07,2047
NORTHCARE CENTER,DR. SMITH,24,13,14.692307692,18.461538462,5.923076923,2.333333333,3.333333333,2,2.333333333,307,0,0,2019
WESTSIDE HEALTH,DR. SMITH,12,19,15.894736842,21.684210526,6.263157895,5,2.333333333,1.666666667,4.666666667,298,2,0.11,1943
DOWNTOWN CLINIC,DR. JOHNSON,2,2,21.5,15.5,5.5,,,,,327,0,0,2047
UPTOWN MEDICAL,DR. LEE,13,16,16.1875,21.25,6.125,4.5,2.5,3.5,4,292,2,0.13,2016
UPTOWN MEDICAL,DR. SMITH,22,14,17,24.214285714,5.428571429,3.5,2.25,2,4.25,292,2,0.14,2016
NORTHCARE CENTER,DR. SMITH,20,14,14.785714286,18.857142857,5.785714286,2.2,2.2,2.4,3.2,307,3,0.21,2019
WESTSIDE HEALTH,DR. SMITH,21,12,13.416666667,20.666666667,6.25,2.8,3.2,2.6,3,298,2,0.17,1943
UPTOWN MEDICAL,DR. LEE,9,13,15.230769231,18.307692308,6.076923077,3,3.333333333,2,2.333333333,292,2,0.15,2016
EASTSIDE WELLNESS,DR. KIM,13,10,15,19.1,4.8,3,2,2.333333333,1.666666667,321,2,0.2,1975
NORTHCARE CENTER,DR. KIM,9,17,12.941176471,19.411764706,4.352941176,2.5,3,2.75,4,307,2,0.12,2019
WESTSIDE HEALTH,DR. KIM,8,20,13.95,17.85,6.8,3.571428571,2.857142857,2.857142857,1.428571429,298,3,0.15,1943
EASTSIDE WELLNESS,DR. SMITH,13,16,15.8125,20.625,5.5,3.375,2.5,3.125,3.625,321,3,0.19,1975
DOWNTOWN CLINIC,DR. LEE,13,12,15.916666667,22.75,5,3.833333333,2.833333333,2.333333333,2.833333333,327,2,0.17,2047
DOWNTOWN CLINIC,DR. JOHNSON,4,13,14,19.923076923,5.692307692,3.4,3.2,2.4,2.8,327,1,0.08,2047
UPTOWN MEDICAL,DR. LEE,18,18,13.277777778,18.055555556,5.333333333,2.75,3.125,2.75,2.75,292,3,0.17,2016
DOWNTOWN CLINIC,DR. PATEL,22,17,17.294117647,25.058823529,5.352941176,4,2.2,1.6,3,327,3,0.18,2047
DOWNTOWN CLINIC,DR. SMITH,9,19,14.684210526,19.736842105,4.368421053,3.111111111,2.555555556,3.333333333,2.666666667,327,3,0.16,2047
DOWNTOWN CLINIC,DR. JOHNSON,19,11,16.636363636,18.818181818,4.909090909,3,3.833333333,3.666666667,3,327,1,0.09,2047
WESTSIDE HEALTH,DR. PATEL,26,16,16.125,19.375,5.75,4.166666667,2.333333333,2.833333333,3,298,1,0.06,1943
DOWNTOWN CLINIC,DR. JOHNSON,18,17,15.470588235,23.117647059,6.117647059,2.428571429,3.428571429,3.285714286,1.714285714,327,2,0.12,2047
EASTSIDE WELLNESS,DR. KIM,20,18,16.222222222,18.333333333,5.611111111,2.875,3,2.125,4.25,321,5,0.28,1975
WESTSIDE HEALTH,DR. LEE,10,10,14.6,19.9,5.6,3.666666667,2,4.666666667,1,298,1,0.1,1943
NORTHCARE CENTER,DR. SMITH,6,24,15.416666667,23.291666667,4.666666667,3.125,3,2.5,2.25,307,2,0.08,2019
EASTSIDE WELLNESS,DR. JOHNSON,5,9,14.111111111,21.666666667,5.888888889,4.333333333,3.333333333,2.666666667,2,321,0,0,1975
WESTSIDE HEALTH,DR. SMITH,24,12,15.5,17.916666667,5.166666667,,,,,298,1,0.08,1943
UPTOWN MEDICAL,DR. JOHNSON,9,19,16.842105263,20.526315789,5.894736842,2.888888889,3.333333333,3.444444444,2.777777778,292,1,0.05,2016
NORTHCARE CENTER,DR. SMITH,8,19,15.157894737,14.315789474,5.368421053,4,3.5,3.333333333,3.666666667,307,3,0.16,2019
WESTSIDE HEALTH,DR. JOHNSON,5,19,15.789473684,21.526315789,5.947368421,2.222222222,3.111111111,2.555555556,3,298,2,0.11,1943
WESTSIDE HEALTH,DR. KIM,3,15,16.533333333,18,5.066666667,3.333333333,3,4,3.333333333,298,0,0,1943
EASTSIDE WELLNESS,DR. SMITH,4,13,15.769230769,21.846153846,4.923076923,2.25,3.5,2.5,2.75,321,2,0.15,1975
UPTOWN MEDICAL,DR. LEE,2,2,13.5,14,4,2,2,3,3,292,1,0.5,2016
DOWNTOWN CLINIC,DR. JOHNSON,12,15,15,19.6,6.4,1.5,4,1.5,1.5,327,1,0.07,2047
EASTSIDE WELLNESS,DR. JOHNSON,12,19,14.736842105,19.842105263,5.947368421,2.5,4.666666667,2.833333333,3,321,3,0.16,1975
WESTSIDE HEALTH,DR. PATEL,25,14,13.714285714,21.642857143,4.928571429,3.666666667,3,3.333333333,2.666666667,298,1,0.07,1943
WESTSIDE HEALTH,DR. KIM,15,17,13.176470588,19.176470588,5.470588235,3,3.2,3.2,4.4,298,5,0.29,1943
WESTSIDE HEALTH,DR. KIM,16,11,15.272727273,19.545454545,6.181818182,3,4.2,2.8,2.4,298,3,0.27,1943
UPTOWN MEDICAL,DR. SMITH,15,20,14.6,15.9,4.45,4.2,3.2,1.8,4,292,4,0.2,2016
UPTOWN MEDICAL,DR. JOHNSON,7,12,14,19.833333333,5.5,3,3.25,2.25,4,292,2,0.17,2016
WESTSIDE HEALTH,DR. LEE,2,3,18,18,5.333333333,4,5,5,1,298,1,0.33,1943
NORTHCARE CENTER,DR. JOHNSON,2,2,12.5,18,5.5,4,4,1,3,307,0,0,2019
EASTSIDE WELLNESS,DR. PATEL,26,27,14.925925926,20.851851852,5,2.9,3.1,2.5,3.1,321,3,0.11,1975
EASTSIDE WELLNESS,DR. LEE,16,12,15.583333333,20.25,5.083333333,3.5,4,3.166666667,2.5,321,2,0.17,1975
WESTSIDE HEALTH,DR. JOHNSON,6,12,15.5,19.416666667,6.083333333,3.2,3,3,4.2,298,2,0.17,1943
WESTSIDE HEALTH,DR. SMITH,7,14,13.142857143,16.928571429,6,3.666666667,1.666666667,1.666666667,3.333333333,298,3,0.21,1943
UPTOWN MEDICAL,DR. KIM,11,17,15.176470588,22,6.235294118,3.4,1.8,3.4,2.2,292,3,0.18,2016
EASTSIDE WELLNESS,DR. JOHNSON,21,20,16.35,19.75,4.85,2.2,3.8,3.4,4.2,321,3,0.15,1975
DOWNTOWN CLINIC,DR. JOHNSON,10,14,16.428571429,21.214285714,6.857142857,2.6,2,2.6,3.6,327,1,0.07,2047
DOWNTOWN CLINIC,DR. SMITH,6,17,16,20.764705882,6.647058824,3.666666667,2.222222222,3.111111111,2.777777778,327,5,0.29,2047
UPTOWN MEDICAL,DR. LEE,21,14,17,18.785714286,5.928571429,3,4,3.25,3.25,292,2,0.14,2016
EASTSIDE WELLNESS,DR. KIM,10,15,16.533333333,19.133333333,6.4,4.5,2.833333333,2.833333333,3.833333333,321,4,0.27,1975
DOWNTOWN CLINIC,DR. LEE,8,14,14,20.5,4.714285714,2.25,4,3,3.5,327,0,0,2047
NORTHCARE CENTER,DR. PATEL,12,14,15.285714286,21.857142857,4.5,3.666666667,1.333333333,3,3,307,1,0.07,2019
WESTSIDE HEALTH,DR. JOHNSON,24,16,16.375,20.6875,5,3.75,2.75,1.75,3,298,2,0.13,1943
DOWNTOWN CLINIC,DR. LEE,6,17,16.235294118,19.705882353,6.411764706,2.666666667,4,3,3.333333333,327,3,0.18,2047
NORTHCARE CENTER,DR. KIM,10,18,14.722222222,19.388888889,4.777777778,2.8,3.4,3.4,2.8,307,4,0.22,2019
UPTOWN MEDICAL,DR. KIM,23,16,16,20.25,5.8125,4,3.5,3.5,4,292,2,0.13,2016
DOWNTOWN CLINIC,DR. KIM,25,12,14.666666667,17.25,6.75,3.75,3.75,3.25,3.5,327,2,0.17,2047
NORTHCARE CENTER,DR. LEE,28,11,16.272727273,18,6.909090909,1.5,3.5,2.75,2.25,307,0,0,2019
WESTSIDE HEALTH,DR. PATEL,15,12,14.166666667,18.75,3.916666667,3.285714286,3,2.857142857,2.714285714,298,3,0.25,1943
UPTOWN MEDICAL,DR. SMITH,27,16,16.4375,20.4375,4.875,2,2.5,2,3.5,292,5,0.31,2016
UPTOWN MEDICAL,DR. KIM,10,15,13.866666667,23.933333333,4.533333333,2.333333333,4.333333333,3,2.333333333,292,4,0.27,2016
WESTSIDE HEALTH,DR. LEE,8,12,14.416666667,23.833333333,5.333333333,1.833333333,4.333333333,3.166666667,4,298,3,0.25,1943
NORTHCARE CENTER,DR. LEE,26,13,15.230769231,22.307692308,5.384615385,2.333333333,2,3.666666667,1.666666667,307,1,0.08,2019
NORTHCARE CENTER,DR. LEE,5,15,16.066666667,20.466666667,5.333333333,3.666666667,3.5,2.5,3,307,3,0.2,2019
UPTOWN MEDICAL,DR. KIM,16,21,17.047619048,19.333333333,4.523809524,2.714285714,4.285714286,3.142857143,2.285714286,292,4,0.19,2016
NORTHCARE CENTER,DR. SMITH,15,11,16.181818182,22.454545455,6.818181818,3,3.5,4,3,307,1,0.09,2019
DOWNTOWN CLINIC,DR. PATEL,6,22,15.318181818,20,7.045454545,3,2.714285714,2.428571429,3.285714286,327,4,0.18,2047
WESTSIDE HEALTH,DR. LEE,4,7,15.285714286,15.142857143,6.142857143,,,,,298,0,0,1943
NORTHCARE CENTER,DR. JOHNSON,18,11,14.090909091,21.636363636,6.363636364,3.5,3,3,3,307,2,0.18,2019
NORTHCARE CENTER,DR. PATEL,10,16,15.0625,19.125,4.8125,3,2,2,5,307,4,0.25,2019
NORTHCARE CENTER,DR. SMITH,28,14,12.928571429,21.428571429,5.142857143,4.142857143,3.142857143,2.714285714,2.571428571,307,3,0.21,2019
WESTSIDE HEALTH,DR. PATEL,5,19,15.578947368,22.315789474,5.947368421,4,2.666666667,3,4.666666667,298,2,0.11,1943
UPTOWN MEDICAL,DR. SMITH,18,12,15,24.833333333,5.916666667,3.666666667,3,4,3.666666667,292,2,0.17,2016
DOWNTOWN CLINIC,DR. PATEL,24,10,14,17.4,5.8,3.333333333,2.333333333,3,4.333333333,327,0,0,2047
UPTOWN MEDICAL,DR. KIM,26,23,15.739130435,22.956521739,5.652173913,3.333333333,3,3.333333333,3.666666667,292,0,0,2016
UPTOWN MEDICAL,DR. KIM,19,16,14.4375,15.75,5.6875,3,3.5,5,3,292,5,0.31,2016
WESTSIDE HEALTH,DR. JOHNSON,10,14,13.714285714,20.785714286,5.214285714,2.166666667,2.5,2.833333333,2.833333333,298,2,0.14,1943
EASTSIDE WELLNESS,DR. JOHNSON,28,12,15.333333333,25.5,4.5,2.75,2.5,3,2.75,321,4,0.33,1975
UPTOWN MEDICAL,DR. JOHNSON,23,19,13.105263158,21.736842105,5.421052632,2.833333333,2.833333333,3,2.333333333,292,3,0.16,2016
NORTHCARE CENTER,DR. LEE,2,1,3,13,1,2,1,3,2,307,0,0,2019
NORTHCARE CENTER,DR. JOHNSON,12,17,13.882352941,19.058823529,4.647058824,3.666666667,2.333333333,3.5,2.333333333,307,5,0.29,2019
EASTSIDE WELLNESS,DR. KIM,18,17,16.235294118,22.411764706,5.235294118,3.666666667,3.333333333,2.833333333,3,321,1,0.06,1975
NORTHCARE CENTER,DR. SMITH,18,19,17.368421053,21.578947368,4.578947368,3.2,3,3.4,2.2,307,2,0.11,2019
EASTSIDE WELLNESS,DR. SMITH,15,10,14.2,20.6,5,4,2.25,3.75,3,321,0,0,1975
EASTSIDE WELLNESS,DR. KIM,7,10,17.5,23.2,4.8,3.8,2.2,3.2,4,321,3,0.3,1975
UPTOWN MEDICAL,DR. LEE,16,11,14.818181818,19.545454545,6.181818182,3,1.5,3.5,2,292,1,0.09,2016
WESTSIDE HEALTH,DR. LEE,22,15,13.2,21.4,5.266666667,3.25,3,2.25,3.25,298,1,0.07,1943
NORTHCARE CENTER,DR. JOHNSON,26,15,13.6,22.8,6.266666667,3.4,2.8,3,1.8,307,1,0.07,2019
EASTSIDE WELLNESS,DR. SMITH,16,19,16.105263158,19,5.526315789,3.4,3.6,3,2.4,321,2,0.11,1975
DOWNTOWN CLINIC,DR. LEE,20,24,14.166666667,19.5,5.5,2.5,3.25,2.75,3.25,327,2,0.08,2047
EASTSIDE WELLNESS,DR. SMITH,11,11,16.090909091,20.181818182,4.636363636,1.666666667,3,5,2.666666667,321,2,0.18,1975
NORTHCARE CENTER,DR. KIM,22,23,15.695652174,16.565217391,4.478260870,3,2.833333333,2.833333333,3,307,3,0.13,2019
NORTHCARE CENTER,DR. LEE,3,12,15.416666667,20.166666667,5.416666667,2.833333333,2.666666667,3.333333333,3,307,3,0.25,2019
EASTSIDE WELLNESS,DR. JOHNSON,25,22,14.772727273,19.818181818,5.818181818,2.8,3,3.6,3.6,321,2,0.09,1975
DOWNTOWN CLINIC,DR. LEE,11,20,14.4,20.75,5.55,2,3.166666667,2.833333333,2.333333333,327,1,0.05,2047
UPTOWN MEDICAL,DR. PATEL,18,9,14.777777778,21.111111111,5.222222222,3.166666667,3.833333333,3.833333333,3.166666667,292,1,0.11,2016
EASTSIDE WELLNESS,DR. KIM,8,16,14.1875,19.3125,5.5,2.666666667,5,3,2.666666667,321,3,0.19,1975
DOWNTOWN CLINIC,DR. PATEL,12,14,16.285714286,21.928571429,5.5,3,2.2,3,2.8,327,2,0.14,2047
EASTSIDE WELLNESS,DR. SMITH,23,12,15.916666667,21.083333333,4.833333333,2.5,2.5,3.75,3.25,321,1,0.08,1975
EASTSIDE WELLNESS,DR. SMITH,19,10,14.9,23.5,5.6,3.25,3,3.25,2.5,321,1,0.1,1975
UPTOWN MEDICAL,DR. PATEL,7,19,16.263157895,21.210526316,6.052631579,3.333333333,3.166666667,3,2,292,3,0.16,2016
UPTOWN MEDICAL,DR. JOHNSON,20,16,13.1875,21,6.125,4,3.666666667,3,2.333333333,292,1,0.06,2016
NORTHCARE CENTER,DR. JOHNSON,22,14,16.357142857,19.928571429,5.857142857,2.875,3.75,3,4.125,307,3,0.21,2019
NORTHCARE CENTER,DR. SMITH,27,10,15,19.8,6.5,3.25,4,3.5,2.25,307,0,0,2019
NORTHCARE CENTER,DR. JOHNSON,19,16,14,19.0625,4.5625,2.833333333,2.666666667,3,2.833333333,307,3,0.19,2019
UPTOWN MEDICAL,DR. SMITH,17,22,14.227272727,20.772727273,5.363636364,2.2,3,3.4,2.4,292,5,0.23,2016
WESTSIDE HEALTH,DR. LEE,15,10,14.2,20.5,5.1,3.333333333,3.666666667,3.333333333,3.666666667,298,1,0.1,1943
EASTSIDE WELLNESS,DR. LEE,19,7,13.428571429,20.714285714,6,2.5,4,1,5,321,3,0.43,1975
EASTSIDE WELLNESS,DR. PATEL,24,11,16,20.454545455,6.272727273,1.666666667,4,4,2.666666667,321,0,0,1975
NORTHCARE CENTER,DR. SMITH,4,12,12.083333333,18.25,6.416666667,2.333333333,2.666666667,2.333333333,2.666666667,307,3,0.25,2019
UPTOWN MEDICAL,DR. KIM,12,17,15.647058824,17.529411765,5.470588235,3,4.333333333,1.333333333,4,292,4,0.24,2016
UPTOWN MEDICAL,DR. PATEL,2,2,14,22,6.5,1.5,2,5,3,292,1,0.5,2016
UPTOWN MEDICAL,DR. PATEL,27,13,16.230769231,19.307692308,5.846153846,3,2.6,4,2.8,292,1,0.08,2016
WESTSIDE HEALTH,DR. SMITH,13,18,15.833333333,18.611111111,5.388888889,3.75,3.125,3.25,3.375,298,2,0.11,1943
WESTSIDE HEALTH,DR. LEE,19,11,16.363636364,21.272727273,6.181818182,4.5,2.5,4.5,2,298,0,0,1943
WESTSIDE HEALTH,DR. PATEL,6,11,14.181818182,23.636363636,4.818181818,2.5,2,2.5,4.5,298,1,0.09,1943
NORTHCARE CENTER,DR. JOHNSON,11,16,16.0625,19.1875,5.625,3.75,2.75,3.5,2.25,307,2,0.13,2019
UPTOWN MEDICAL,DR. PATEL,22,11,15.545454545,17.181818182,4.545454545,2.5,2.25,3.25,3.25,292,1,0.09,2016
EASTSIDE WELLNESS,DR. JOHNSON,10,25,13.8,18.12,5.12,2.571428571,2.571428571,3.285714286,3,321,4,0.16,1975
WESTSIDE HEALTH,DR. JOHNSON,16,12,14.75,20.25,5.25,2.166666667,2.666666667,2.833333333,1.166666667,298,4,0.33,1943
EASTSIDE WELLNESS,DR. KIM,15,11,12.909090909,18.454545455,5.181818182,3,4,3,5,321,2,0.18,1975
DOWNTOWN CLINIC,DR. KIM,26,21,16.142857143,18.666666667,4.571428571,2.5,3.125,3.25,2.875,327,4,0.19,2047
EASTSIDE WELLNESS,DR. KIM,3,14,15.142857143,14.928571429,6.285714286,1.5,2.5,2,4.5,321,3,0.21,1975
WESTSIDE HEALTH,DR. PATEL,4,10,14.5,22.4,4.7,4.666666667,1.333333333,4,2,298,3,0.3,1943
UPTOWN MEDICAL,DR. LEE,15,14,15.071428571,20.071428571,5.285714286,3,2.75,2.5,3,292,4,0.29,2016
NORTHCARE CENTER,DR. SMITH,17,17,14.588235294,21.588235294,4.764705882,3.571428571,3.142857143,2.857142857,2.571428571,307,5,0.29,2019
EASTSIDE WELLNESS,DR. JOHNSON,16,28,15,19.571428571,4.964285714,3,2.375,3.625,2.25,321,6,0.21,1975
EASTSIDE WELLNESS,DR. PATEL,15,12,16.083333333,16.5,5.083333333,4,3.5,2.666666667,2.833333333,321,1,0.08,1975
NORTHCARE CENTER,DR. LEE,9,12,13.5,18.666666667,7.25,2.4,2.4,2.8,2.8,307,2,0.17,2019
DOWNTOWN CLINIC,DR. JOHNSON,23,22,16.909090909,17.818181818,4.863636364,2.666666667,3,1.5,3,327,4,0.18,2047
UPTOWN MEDICAL,DR. JOHNSON,2,2,17,18.5,5,3,5,2,4,292,1,0.5,2016
WESTSIDE HEALTH,DR. KIM,22,23,14.347826087,20.695652174,5.782608696,2,4.166666667,3.666666667,2.666666667,298,1,0.04,1943
NORTHCARE CENTER,DR. JOHNSON,3,25,13.76,21.8,4.64,3.090909091,3.272727273,3.545454545,2.818181818,307,5,0.2,2019
NORTHCARE CENTER,DR. LEE,20,17,15.235294118,22.176470588,6.764705882,2.2,3.8,3,3.8,307,4,0.24,2019
DOWNTOWN CLINIC,DR. PATEL,27,11,15.909090909,19.454545455,6.090909091,3,4,2,4,327,3,0.27,2047
EASTSIDE WELLNESS,DR. PATEL,7,13,16.461538462,19.538461538,5.384615385,2.666666667,3,2,2,321,1,0.08,1975
NORTHCARE CENTER,DR. PATEL,24,15,14.8,21,5.6,3.333333333,3,2.666666667,4,307,3,0.2,2019
NORTHCARE CENTER,DR. JOHNSON,14,28,16.5,22,4.5,3.5,2.5,3.4,3.3,307,4,0.14,2019
UPTOWN MEDICAL,DR. KIM,24,18,12.611111111,17.666666667,6.055555556,3,3.333333333,2,3.333333333,292,3,0.17,2016
EASTSIDE WELLNESS,DR. PATEL,17,14,13.428571429,20.857142857,4.5,3.166666667,2.666666667,3.5,2.666666667,321,2,0.14,1975
EASTSIDE WELLNESS,DR. PATEL,16,15,13.466666667,20.333333333,6.133333333,2,4,4.666666667,3.666666667,321,3,0.2,1975
DOWNTOWN CLINIC,DR. PATEL,9,12,17.666666667,17.833333333,5.833333333,3.6,2.8,2.6,2.4,327,1,0.08,2047
NORTHCARE CENTER,DR. SMITH,23,7,15.285714286,15.285714286,5.571428571,3.5,4,4,3,307,1,0.14,2019
DOWNTOWN CLINIC,DR. LEE,7,17,13.647058824,23.882352941,5.882352941,3,1,2,1,327,0,0,2047
WESTSIDE HEALTH,DR. PATEL,8,12,14.916666667,21,5,2.5,3.25,3,2.75,298,1,0.08,1943
UPTOWN MEDICAL,DR. LEE,12,18,16.388888889,18.5,5.944444444,2,2.666666667,2,2,292,2,0.11,2016
UPTOWN MEDICAL,DR. KIM,7,15,14.2,18.733333333,4.8,3.4,3.4,3.2,3.6,292,3,0.2,2016
NORTHCARE CENTER,DR. LEE,13,15,15.133333333,17.733333333,4.933333333,2.714285714,2.428571429,4.142857143,2.571428571,307,1,0.07,2019
DOWNTOWN CLINIC,DR. PATEL,26,16,17.3125,15.75,4.75,3.857142857,2.714285714,3,3.714285714,327,5,0.31,2047
UPTOWN MEDICAL,DR. PATEL,11,14,16.785714286,18.214285714,5.714285714,2.4,3.4,2.4,3.8,292,3,0.21,2016
EASTSIDE WELLNESS,DR. PATEL,13,13,14.538461538,20.538461538,4.769230769,2.8,3,3.4,2.8,321,2,0.15,1975
EASTSIDE WELLNESS,DR. KIM,9,19,15.894736842,18.578947368,5.421052632,2.2,2.8,2.6,3.2,321,4,0.21,1975
WESTSIDE HEALTH,DR. LEE,24,12,15.916666667,18.75,4.083333333,4,3,3,2,298,4,0.33,1943
WESTSIDE HEALTH,DR. LEE,21,15,15.266666667,24.333333333,4.933333333,2,2.25,2.75,3.5,298,2,0.13,1943
NORTHCARE CENTER,DR. KIM,12,19,15.894736842,20.789473684,5.157894737,3.5,3,3.25,2,307,1,0.05,2019
DOWNTOWN CLINIC,DR. JOHNSON,6,12,12.583333333,18.583333333,4.583333333,3,4.5,3,2,327,4,0.33,2047
DOWNTOWN CLINIC,DR. SMITH,12,15,16.2,20.8,5.4,3.625,2.75,3.125,3.125,327,5,0.33,2047
DOWNTOWN CLINIC,DR. SMITH,13,15,14.4,18.2,5.466666667,2.333333333,2.666666667,3.166666667,3,327,4,0.27,2047
UPTOWN MEDICAL,DR. LEE,10,16,15.25,16.375,6.1875,3.666666667,3.666666667,3.166666667,2.5,292,0,0,2016
DOWNTOWN CLINIC,DR. LEE,26,11,12.545454545,19.818181818,5.454545455,3.666666667,2.666666667,3.666666667,3.666666667,327,1,0.09,2047
DOWNTOWN CLINIC,DR. LEE,23,19,14.473684211,21.789473684,5.473684211,3.666666667,2.666666667,3,2.666666667,327,1,0.05,2047
DOWNTOWN CLINIC,DR. KIM,13,15,13.133333333,20.266666667,4.333333333,3.6,3.2,4.6,3.8,327,1,0.07,2047
EASTSIDE WELLNESS,DR. SMITH,9,12,14.75,20.416666667,5.583333333,3.75,2.5,2.25,2.75,321,1,0.08,1975
EASTSIDE WELLNESS,DR. LEE,5,13,17.153846154,20.615384615,4.923076923,2.8,2,3,3.6,321,3,0.23,1975
DOWNTOWN CLINIC,DR. PATEL,28,18,15.611111111,20.5,5.555555556,2.833333333,2.166666667,2.833333333,3.666666667,327,2,0.11,2047
WESTSIDE HEALTH,DR. LEE,16,12,14.666666667,22.166666667,7.333333333,3.5,3.75,3.25,2.75,298,3,0.25,1943
WESTSIDE HEALTH,DR. JOHNSON,7,17,16.235294118,17.764705882,6.235294118,2.625,3.5,3.5,3,298,2,0.12,1943
EASTSIDE WELLNESS,DR. JOHNSON,9,21,15.190476190,17.619047619,5.714285714,2.714285714,3,3.142857143,2.571428571,321,3,0.14,1975
UPTOWN MEDICAL,DR. PATEL,24,16,14.625,21.1875,6.875,3,3.5,3.5,2.25,292,1,0.06,2016
EASTSIDE WELLNESS,DR. LEE,9,16,14.1875,17.6875,5.1875,2.4,2,3.2,3.6,321,4,0.25,1975
DOWNTOWN CLINIC,DR. KIM,22,13,16.307692308,17.769230769,5.230769231,3.333333333,3,2.333333333,2.666666667,327,0,0,2047
EASTSIDE WELLNESS,DR. KIM,21,12,15.75,19.083333333,4.916666667,1.333333333,3,2,3.666666667,321,0,0,1975
DOWNTOWN CLINIC,DR. JOHNSON,26,16,15.9375,18.4375,5.3125,3,3.2,2.2,3.4,327,1,0.06,2047
DOWNTOWN CLINIC,DR. KIM,19,19,14.526315789,18.789473684,6.157894737,3.8,3,2,2.5,327,2,0.11,2047
DOWNTOWN CLINIC,DR. PATEL,16,16,14.1875,18.375,5.6875,3.4,2.6,3.8,2.8,327,0,0,2047
UPTOWN MEDICAL,DR. JOHNSON,5,18,13.111111111,20.666666667,5.055555556,3.333333333,3,3,2.666666667,292,2,0.11,2016
DOWNTOWN CLINIC,DR. JOHNSON,28,18,13.944444444,19.333333333,4.444444444,2.571428571,3.857142857,3.285714286,3.428571429,327,6,0.33,2047
NORTHCARE CENTER,DR. SMITH,26,17,14.647058824,20.529411765,4.588235294,,,,,307,3,0.18,2019
EASTSIDE WELLNESS,DR. KIM,19,11,16,17.545454545,4.909090909,,,,,321,1,0.09,1975
UPTOWN MEDICAL,DR. KIM,6,21,15.666666667,18.714285714,5.619047619,2.5,3.5,2.75,2,292,4,0.19,2016
WESTSIDE HEALTH,DR. LEE,9,17,16.411764706,18.176470588,4.941176471,4,3.833333333,2,2.833333333,298,1,0.06,1943
WESTSIDE HEALTH,DR. PATEL,12,11,11.636363636,17.636363636,5.363636364,4.666666667,2.333333333,3.333333333,3.666666667,298,3,0.27,1943
NORTHCARE CENTER,DR. SMITH,14,20,12.7,18.55,5,2.833333333,2.666666667,2.333333333,3.166666667,307,5,0.25,2019
NORTHCARE CENTER,DR. SMITH,12,17,13.588235294,20.294117647,5.176470588,2.666666667,3.333333333,2.333333333,3.333333333,307,1,0.06,2019
DOWNTOWN CLINIC,DR. KIM,4,16,15.1875,20.8125,6.875,4,2,1,3,327,5,0.31,2047
EASTSIDE WELLNESS,DR. LEE,17,14,14.142857143,18.928571429,6.571428571,3.75,2.75,4.25,3.25,321,3,0.21,1975
DOWNTOWN CLINIC,DR. JOHNSON,5,16,15.5625,16.125,5.9375,3.2,3.6,2.6,2.2,327,6,0.38,2047
WESTSIDE HEALTH,DR. SMITH,10,11,16.545454545,19.272727273,5.181818182,2.333333333,3.333333333,3.333333333,2.666666667,298,3,0.27,1943
WESTSIDE HEALTH,DR. SMITH,6,20,15.05,21.85,5.25,3.25,1.75,2.25,4.25,298,4,0.2,1943
DOWNTOWN CLINIC,DR. JOHNSON,14,17,15.470588235,20.470588235,4.823529412,2.5,3,2.25,2.25,327,5,0.29,2047
UPTOWN MEDICAL,DR. KIM,20,18,15.777777778,19,6.055555556,2.625,2.125,2.875,2.5,292,3,0.17,2016
DOWNTOWN CLINIC,DR. PATEL,21,17,16.882352941,18.823529412,5.117647059,2.333333333,3.666666667,2.333333333,4,327,3,0.18,2047
UPTOWN MEDICAL,DR. LEE,5,16,15.75,17.4375,5.9375,4.333333333,4,2.666666667,4,292,4,0.25,2016
WESTSIDE HEALTH,DR. SMITH,22,7,13.714285714,16.857142857,6.857142857,3.333333333,3,4,2.333333333,298,1,0.14,1943
DOWNTOWN CLINIC,DR. SMITH,28,10,15.2,21.3,4.1,2.5,2,4.5,2.5,327,0,0,2047
UPTOWN MEDICAL,DR. JOHNSON,14,14,14.642857143,23.571428571,4.714285714,4,3,3.166666667,3.833333333,292,1,0.07,2016
UPTOWN MEDICAL,DR. PATEL,15,16,14.125,20.6875,4.1875,2.714285714,3,2.142857143,2.285714286,292,1,0.06,2016
WESTSIDE HEALTH,DR. KIM,23,12,14.083333333,21.583333333,6.916666667,3.666666667,2.666666667,2,3.333333333,298,0,0,1943
WESTSIDE HEALTH,DR. KIM,17,11,16.272727273,21.818181818,6.727272727,3.5,2.25,4.5,2.75,298,1,0.09,1943
NORTHCARE CENTER,DR. SMITH,25,15,12.066666667,18.266666667,6.066666667,3.5,2.333333333,3,3.166666667,307,5,0.33,2019
DOWNTOWN CLINIC,DR. LEE,10,23,17.260869565,19.652173913,5.347826087,3,3.3,3.2,2.6,327,3,0.13,2047
NORTHCARE CENTER,DR. PATEL,23,16,13.0625,22.125,5.875,3.25,4,3.5,3.75,307,2,0.13,2019
EASTSIDE WELLNESS,DR. LEE,26,21,15.809523810,23.523809524,4.714285714,1.5,2.75,4.5,2.75,321,6,0.29,1975
EASTSIDE WELLNESS,DR. KIM,5,14,15.357142857,18.714285714,5.428571429,2.428571429,3,2.571428571,3.571428571,321,1,0.07,1975
WESTSIDE HEALTH,DR. LEE,26,11,15.454545455,21.636363636,4.909090909,5,3,3,2,298,1,0.09,1943
EASTSIDE WELLNESS,DR. JOHNSON,6,17,14.058823529,21.470588235,5.529411765,4,4.5,2.5,3,321,4,0.24,1975
UPTOWN MEDICAL,DR. JOHNSON,6,7,15.285714286,22.857142857,5.428571429,5,4,4.5,2.5,292,1,0.14,2016
WESTSIDE HEALTH,DR. SMITH,28,22,14.727272727,19.590909091,5.363636364,2.333333333,2.833333333,2,3.333333333,298,0,0,1943
DOWNTOWN CLINIC,DR. JOHNSON,24,18,14.166666667,19.666666667,5.722222222,2.333333333,2.666666667,3.333333333,4.333333333,327,4,0.22,2047
UPTOWN MEDICAL,DR. KIM,18,18,13.888888889,19.277777778,5.277777778,3,2.8,3.4,4,292,2,0.11,2016
DOWNTOWN CLINIC,DR. PATEL,20,14,13.357142857,19.857142857,5.428571429,3.4,3,2.8,4,327,3,0.21,2047
NORTHCARE CENTER,DR. LEE,23,9,13.333333333,22.111111111,7,2.75,3,3,2.75,307,2,0.22,2019
WESTSIDE HEALTH,DR. JOHNSON,8,22,15.5,21.090909091,5.954545455,1.75,3.5,3.5,4.5,298,2,0.09,1943
UPTOWN MEDICAL,DR. SMITH,24,18,16.055555556,19.111111111,4.722222222,3,3,1.75,1.5,292,0,0,2016
UPTOWN MEDICAL,DR. SMITH,19,9,13.111111111,16.555555556,4.555555556,3,3,1,2,292,0,0,2016
NORTHCARE CENTER,DR. LEE,24,14,15.142857143,16.928571429,4.571428571,2.6,2.6,3.8,2.6,307,3,0.21,2019
WESTSIDE HEALTH,DR. PATEL,10,14,17.571428571,21.928571429,4.928571429,2.5,3.666666667,3.166666667,3.333333333,298,5,0.36,1943
UPTOWN MEDICAL,DR. SMITH,10,19,17.315789474,23.421052632,5,3,3.4,2.8,1.6,292,3,0.16,2016
NORTHCARE CENTER,DR. PATEL,15,15,15.866666667,20.066666667,5.8,2.333333333,3.666666667,2.666666667,3.666666667,307,5,0.33,2019
EASTSIDE WELLNESS,DR. LEE,4,22,15.318181818,20.5,5.454545455,2.285714286,2.142857143,2.571428571,3.714285714,321,5,0.23,1975
UPTOWN MEDICAL,DR. JOHNSON,10,21,15.142857143,25.714285714,4.714285714,1.25,4,1.5,2.5,292,3,0.14,2016
EASTSIDE WELLNESS,DR. KIM,2,4,13.75,17,6,4,3,3,4,321,1,0.25,1975
WESTSIDE HEALTH,DR. KIM,11,14,14.428571429,20.428571429,6.5,3.25,2.25,3,3,298,4,0.29,1943
WESTSIDE HEALTH,DR. JOHNSON,2,3,13.666666667,24.666666667,7.333333333,,,,,298,1,0.33,1943
WESTSIDE HEALTH,DR. PATEL,24,16,15.5,19.375,5.0625,2,5,2,5,298,6,0.38,1943
NORTHCARE CENTER,DR. LEE,6,11,13.636363636,18.545454545,6.272727273,4.166666667,2.666666667,2.833333333,4.5,307,4,0.36,2019
EASTSIDE WELLNESS,DR. JOHNSON,13,17,16.823529412,22.882352941,6.117647059,3,2.2,1.6,3.4,321,2,0.12,1975
UPTOWN MEDICAL,DR. SMITH,13,19,15.789473684,17.526315789,5.157894737,3.2,4,3.8,4.4,292,0,0,2016
EASTSIDE WELLNESS,DR. KIM,4,14,14.285714286,17.214285714,5.357142857,3,3,2,2.5,321,1,0.07,1975
DOWNTOWN CLINIC,DR. JOHNSON,17,12,16,20.833333333,4.833333333,4.5,4,3,2,327,2,0.17,2047
DOWNTOWN CLINIC,DR. KIM,7,21,14.523809524,20.428571429,5.523809524,3.222222222,2.888888889,3.666666667,2.777777778,327,3,0.14,2047
UPTOWN MEDICAL,DR. JOHNSON,11,16,14.375,18.1875,5.25,2.5,3.25,3.75,4,292,4,0.25,2016
EASTSIDE WELLNESS,DR. PATEL,4,12,13.5,18.583333333,4.416666667,2.166666667,3.833333333,3.666666667,3,321,2,0.17,1975
WESTSIDE HEALTH,DR. SMITH,26,13,11.923076923,21.923076923,5.769230769,2.333333333,3.333333333,2.333333333,2.666666667,298,4,0.31,1943
NORTHCARE CENTER,DR. PATEL,26,18,14.5,19.277777778,5.777777778,1.6,2.8,2.4,3.4,307,2,0.11,2019
WESTSIDE HEALTH,DR. JOHNSON,9,15,14.533333333,20.066666667,5.066666667,3.666666667,3,2,3,298,1,0.07,1943
EASTSIDE WELLNESS,DR. KIM,16,16,16.375,19.3125,5.875,3.5,2.5,2.166666667,1.666666667,321,5,0.31,1975
NORTHCARE CENTER,DR. KIM,17,17,15.058823529,22.352941176,5.294117647,3.25,1.5,2.25,3.25,307,4,0.24,2019
DOWNTOWN CLINIC,DR. SMITH,7,22,13.5,17.590909091,5.227272727,2.25,3.25,3,3,327,4,0.18,2047
WESTSIDE HEALTH,DR. JOHNSON,23,17,16.058823529,21,6.470588235,4,3.333333333,4,2,298,2,0.12,1943
NORTHCARE CENTER,DR. PATEL,3,15,15.133333333,18.333333333,5.933333333,3.125,3.375,3,3.875,307,3,0.2,2019
WESTSIDE HEALTH,DR. JOHNSON,18,16,14.875,18.5,5,3.5,3,3,1.75,298,1,0.06,1943
WESTSIDE HEALTH,DR. JOHNSON,13,14,16.285714286,18.714285714,5,3.5,3,3.5,1.5,298,1,0.07,1943
EASTSIDE WELLNESS,DR. PATEL,20,16,16.9375,19.375,7,2,4.666666667,2.666666667,2.333333333,321,3,0.19,1975
EASTSIDE WELLNESS,DR. JOHNSON,20,20,14.95,18.9,5.7,3,3,3.333333333,4,321,3,0.15,1975
EASTSIDE WELLNESS,DR. LEE,11,17,13.764705882,17.705882353,5.294117647,3,2.714285714,2.142857143,3.142857143,321,3,0.18,1975
EASTSIDE WELLNESS,DR. PATEL,9,14,13.857142857,19.5,4.928571429,3.5,2.5,3,2,321,1,0.07,1975
WESTSIDE HEALTH,DR. SMITH,11,12,15.5,25,4.25,4.25,3.25,2.5,1.75,298,3,0.25,1943
WESTSIDE HEALTH,DR. JOHNSON,28,17,13.941176471,18.823529412,4.705882353,2.142857143,3.142857143,3.714285714,2.857142857,298,4,0.24,1943
EASTSIDE WELLNESS,DR. JOHNSON,8,14,14.357142857,23.142857143,4.928571429,3.857142857,3.428571429,2.857142857,2,321,1,0.07,1975
NORTHCARE CENTER,DR. KIM,13,16,14.4375,21.5625,5.0625,2.75,3,3,3.75,307,0,0,2019
NORTHCARE CENTER,DR. JOHNSON,15,13,13.692307692,18.538461538,5.692307692,2.2,3.2,3.4,1.8,307,4,0.31,2019
DOWNTOWN CLINIC,DR. LEE,2,3,19,18.666666667,7,,,,,327,0,0,2047
UPTOWN MEDICAL,DR. KIM,8,20,14.6,18.6,5.25,2.571428571,2.714285714,3.285714286,3.428571429,292,2,0.1,2016
UPTOWN MEDICAL,DR. KIM,25,18,13.388888889,17.777777778,5.222222222,4,2,2.75,2.75,292,3,0.17,2016
DOWNTOWN CLINIC,DR. PATEL,19,12,16.75,18.083333333,6.083333333,4.2,2.4,4,2.8,327,2,0.17,2047
NORTHCARE CENTER,DR. LEE,8,17,14.411764706,23.058823529,4.882352941,4,3.6,3.6,2.6,307,1,0.06,2019
WESTSIDE HEALTH,DR. PATEL,14,9,15.333333333,29.111111111,4.111111111,3,2.75,3.25,3.75,298,3,0.33,1943
NORTHCARE CENTER,DR. SMITH,9,14,16.928571429,22.857142857,4.928571429,2.25,2.25,3.5,2.75,307,2,0.14,2019
EASTSIDE WELLNESS,DR. KIM,6,14,13.571428571,18.5,6.357142857,3.6,2.8,3.6,2.4,321,0,0,1975
NORTHCARE CENTER,DR. JOHNSON,28,14,17.285714286,19.5,6.214285714,3.4,3.4,2.2,3.2,307,1,0.07,2019
NORTHCARE CENTER,DR. KIM,6,16,14.875,22.0625,5.375,2.666666667,4.333333333,2.333333333,5,307,3,0.19,2019
NORTHCARE CENTER,DR. PATEL,17,13,13.846153846,19.846153846,5,1.75,4.25,4,3.75,307,3,0.23,2019
NORTHCARE CENTER,DR. PATEL,8,9,11.444444444,22.222222222,6.555555556,1,4,1,3,307,1,0.11,2019
UPTOWN MEDICAL,DR. SMITH,7,16,15.375,20.875,5.5,3.888888889,3.111111111,2.444444444,2.666666667,292,1,0.06,2016
DOWNTOWN CLINIC,DR. KIM,21,10,15.5,22.4,6.6,1.666666667,2.666666667,4.666666667,1.666666667,327,1,0.1,2047
EASTSIDE WELLNESS,DR. LEE,8,14,14.857142857,22.5,5.714285714,5,4,2,3,321,3,0.21,1975
UPTOWN MEDICAL,DR. SMITH,4,19,16.578947368,19.421052632,5.210526316,3.571428571,2.571428571,2.285714286,2.142857143,292,3,0.16,2016
UPTOWN MEDICAL,DR. JOHNSON,4,15,15.266666667,17.533333333,7,2.625,3.375,3.125,2.625,292,3,0.2,2016
UPTOWN MEDICAL,DR. LEE,28,19,14.894736842,19.210526316,4.473684211,3.714285714,2.857142857,3.428571429,3.142857143,292,5,0.26,2016
EASTSIDE WELLNESS,DR. JOHNSON,15,10,17,21.5,6.9,3,3.5,1,3.5,321,0,0,1975
NORTHCARE CENTER,DR. PATEL,20,11,14.909090909,18.454545455,4.818181818,4,2.333333333,1.666666667,2.333333333,307,2,0.18,2019
WESTSIDE HEALTH,DR. PATEL,21,18,15.055555556,22.222222222,4.777777778,3.625,3.125,2.75,3.5,298,3,0.17,1943
UPTOWN MEDICAL,DR. LEE,17,12,16.416666667,16.5,5.333333333,3,2.6,2,3.8,292,3,0.25,2016
DOWNTOWN CLINIC,DR. PATEL,8,16,16.625,17.625,6.1875,2.8,3.8,3.8,2.4,327,4,0.25,2047
WESTSIDE HEALTH,DR. SMITH,8,19,14.894736842,21.789473684,5.421052632,2.666666667,2.666666667,3.333333333,2.666666667,298,3,0.16,1943
NORTHCARE CENTER,DR. PATEL,19,18,15.388888889,22.055555556,5.5,1.666666667,3.333333333,3,2,307,2,0.11,2019
WESTSIDE HEALTH,DR. KIM,10,17,16.588235294,19,5,3,3.666666667,3.666666667,2.5,298,2,0.12,1943
UPTOWN MEDICAL,DR. PATEL,10,7,15,23.571428571,5.571428571,3,2,3.5,3.5,292,0,0,2016
WESTSIDE HEALTH,DR. SMITH,15,13,15.846153846,20.538461538,5.307692308,2,2.333333333,2.333333333,2.333333333,298,4,0.31,1943
DOWNTOWN CLINIC,DR. LEE,16,17,14.588235294,21.823529412,6.294117647,2,2.666666667,2.666666667,2,327,3,0.18,2047
DOWNTOWN CLINIC,DR. JOHNSON,20,15,14.866666667,22.533333333,5.533333333,2.6,2.6,4,3.6,327,0,0,2047
DOWNTOWN CLINIC,DR. LEE,9,15,16.333333333,20.666666667,5,3,3,1.666666667,3,327,2,0.13,2047
WESTSIDE HEALTH,DR. JOHNSON,14,13,14.769230769,18.230769231,4.769230769,2.2,3.4,2.8,3,298,2,0.15,1943
WESTSIDE HEALTH,DR. PATEL,3,17,14.941176471,20.470588235,5.411764706,3,3.142857143,3.571428571,3.714285714,298,3,0.18,1943
DOWNTOWN CLINIC,DR. SMITH,2,4,15.25,20.5,6.25,1.5,2,4.5,2.5,327,0,0,2047
EASTSIDE WELLNESS,DR. PATEL,5,23,14.608695652,17.043478261,5.260869565,2,3.8,2.4,4.4,321,5,0.22,1975
WESTSIDE HEALTH,DR. LEE,23,19,15,20.578947368,4.736842105,2.6,3.4,3,2,298,0,0,1943
EASTSIDE WELLNESS,DR. SMITH,24,14,14.857142857,18.714285714,5.571428571,2,3.5,3,3,321,4,0.29,1975
DOWNTOWN CLINIC,DR. LEE,4,7,14.285714286,21.142857143,5.142857143,2.666666667,2.666666667,2.666666667,3,327,2,0.29,2047
NORTHCARE CENTER,DR. KIM,5,16,13.625,20.875,5.8125,3.166666667,3,3.5,4.166666667,307,1,0.06,2019
WESTSIDE HEALTH,DR. KIM,13,8,14.375,22.625,4.875,3,3.5,2,3,298,0,0,1943
WESTSIDE HEALTH,DR. LEE,12,14,12.928571429,21.357142857,5.214285714,4.125,3,2.625,2.625,298,3,0.21,1943
WESTSIDE HEALTH,DR. SMITH,23,14,13.714285714,22.642857143,3.571428571,2,3,3,1.5,298,3,0.21,1943
DOWNTOWN CLINIC,DR. LEE,28,12,14.75,25.916666667,5.916666667,2.666666667,2.333333333,3,3.666666667,327,3,0.25,2047
NORTHCARE CENTER,DR. LEE,15,20,14.65,21.3,5.5,2.777777778,2.555555556,2.666666667,3.444444444,307,2,0.1,2019
WESTSIDE HEALTH,DR. KIM,5,18,15.222222222,18.555555556,5.388888889,2,3.166666667,2.333333333,2.666666667,298,1,0.06,1943
DOWNTOWN CLINIC,DR. KIM,10,18,13.333333333,20.888888889,5.611111111,3.142857143,2.714285714,3.142857143,2.857142857,327,1,0.06,2047
NORTHCARE CENTER,DR. LEE,11,13,13.307692308,18.923076923,6.076923077,3.333333333,1,3.333333333,4,307,3,0.23,2019
WESTSIDE HEALTH,DR. KIM,2,5,18.8,22.4,7.4,2,5,5,5,298,2,0.4,1943
UPTOWN MEDICAL,DR. JOHNSON,21,21,14.666666667,20.095238095,5.761904762,2.75,2.25,2.5,1.75,292,4,0.19,2016
DOWNTOWN CLINIC,DR. KIM,12,19,16.842105263,17.789473684,6.157894737,3,3,2.777777778,3.444444444,327,2,0.11,2047
WESTSIDE HEALTH,DR. KIM,21,16,14.5,22.5,4.75,3.5,3,2,2,298,2,0.13,1943
EASTSIDE WELLNESS,DR. KIM,27,11,15.818181818,18.090909091,4.181818182,3.333333333,4.333333333,1.333333333,2,321,2,0.18,1975
NORTHCARE CENTER,DR. JOHNSON,5,8,15.625,18,5.625,2,2.5,3,2.75,307,1,0.13,2019
NORTHCARE CENTER,DR. PATEL,4,8,14,21.375,4.375,2.5,3.5,4,3.5,307,0,0,2019
DOWNTOWN CLINIC,DR. LEE,17,18,16.055555556,20.333333333,5.222222222,1,2,4,3,327,5,0.28,2047
WESTSIDE HEALTH,DR. LEE,14,17,14.529411765,23,5.176470588,2.571428571,2.857142857,2.428571429,3.285714286,298,0,0,1943
EASTSIDE WELLNESS,DR. KIM,17,12,15.833333333,19.166666667,4.5,5,2.5,4.5,2.5,321,3,0.25,1975
NORTHCARE CENTER,DR. JOHNSON,27,14,15.642857143,17.714285714,5.5,4,2.8,2.8,3.2,307,2,0.14,2019
DOWNTOWN CLINIC,DR. SMITH,17,16,14.9375,17.0625,5.5625,3,3,2.75,4.5,327,2,0.13,2047
NORTHCARE CENTER,DR. PATEL,7,17,14.823529412,21.764705882,4.470588235,3.666666667,3.666666667,3.333333333,2.5,307,1,0.06,2019
UPTOWN MEDICAL,DR. KIM,21,15,15.8,18.6,4.266666667,4.5,4,2.5,1.5,292,3,0.2,2016
UPTOWN MEDICAL,DR. PATEL,23,12,16.083333333,18.5,4.416666667,4.333333333,3.666666667,4.333333333,3.666666667,292,3,0.25,2016
NORTHCARE CENTER,DR. LEE,21,13,15.692307692,23.230769231,5,3.5,2.5,3,2,307,0,0,2019
WESTSIDE HEALTH,DR. PATEL,27,13,13.307692308,16.384615385,5.076923077,2.2,3.6,2.4,2.4,298,0,0,1943
DOWNTOWN CLINIC,DR. KIM,24,16,15.5,21.25,4.5,3.571428571,3.285714286,2.571428571,3.428571429,327,4,0.25,2047
WESTSIDE HEALTH,DR. LEE,25,16,14.75,21.1875,5.8125,3.285714286,3.571428571,2.285714286,3.142857143,298,4,0.25,1943
UPTOWN MEDICAL,DR. SMITH,28,9,12.777777778,19.777777778,4.444444444,2.666666667,2,3,2.666666667,292,0,0,2016
EASTSIDE WELLNESS,DR. PATEL,12,20,14.1,19.45,5.4,3.111111111,3.222222222,2.555555556,3.111111111,321,8,0.4,1975
EASTSIDE WELLNESS,DR. SMITH,27,17,14.588235294,18.588235294,4.647058824,1.833333333,3.166666667,2,2,321,1,0.06,1975
NORTHCARE CENTER,DR. LEE,4,12,15.5,16.333333333,5.5,3,5,5,3,307,1,0.08,2019
UPTOWN MEDICAL,DR. PATEL,21,14,15.285714286,21.928571429,4.357142857,1,2.75,2.75,3.5,292,1,0.07,2016
UPTOWN MEDICAL,DR. LEE,4,14,15.5,19.714285714,5.071428571,2.6,3.2,2.8,3,292,3,0.21,2016
NORTHCARE CENTER,DR. KIM,11,9,18.666666667,21.777777778,6,2.333333333,4,2.333333333,4,307,0,0,2019
EASTSIDE WELLNESS,DR. LEE,25,13,13.461538462,22.461538462,4.538461538,3,2.666666667,4,3.333333333,321,1,0.08,1975
EASTSIDE WELLNESS,DR. PATEL,14,17,15,19.411764706,5.941176471,2.333333333,3,2.666666667,4.666666667,321,1,0.06,1975
DOWNTOWN CLINIC,DR. KIM,16,13,12.846153846,20.692307692,4.076923077,4,1.5,3.5,3,327,2,0.15,2047
DOWNTOWN CLINIC,DR. KIM,17,14,16.857142857,18.214285714,5.142857143,3.833333333,1.5,2.5,3,327,1,0.07,2047
UPTOWN MEDICAL,DR. JOHNSON,3,15,14.666666667,20.866666667,5.2,3.666666667,5,3.333333333,3.666666667,292,1,0.07,2016
DOWNTOWN CLINIC,DR. JOHNSON,22,8,16.25,11.875,5.25,1,3,3,1,327,0,0,2047
NORTHCARE CENTER,DR. PATEL,14,20,15.7,20.45,5.95,3.125,2.75,2.5,2.875,307,5,0.25,2019
UPTOWN MEDICAL,DR. LEE,14,10,13.7,20.8,3.8,2,3,4,3.333333333,292,1,0.1,2016
UPTOWN MEDICAL,DR. LEE,26,14,13.357142857,17.714285714,6.071428571,2,3,3,3.25,292,3,0.21,2016
EASTSIDE WELLNESS,DR. SMITH,14,19,15.526315789,20.210526316,5.631578947,3.25,2.5,1.75,2.75,321,2,0.11,1975
EASTSIDE WELLNESS,DR. LEE,27,14,17.214285714,18.857142857,5.285714286,1.666666667,2.666666667,3,3.333333333,321,3,0.21,1975
NORTHCARE CENTER,DR. SMITH,21,13,15.692307692,19.461538462,4.384615385,2,3.333333333,2.333333333,3,307,2,0.15,2019
DOWNTOWN CLINIC,DR. KIM,6,17,17.823529412,21.529411765,6.294117647,2.5,3.166666667,1.833333333,3,327,4,0.24,2047
WESTSIDE HEALTH,DR. JOHNSON,22,11,12.090909091,17.545454545,4.454545455,3,4,3.5,3,298,1,0.09,1943
DOWNTOWN CLINIC,DR. PATEL,2,6,15.166666667,16.5,4.833333333,2.25,2.75,3,2.5,327,2,0.33,2047
DOWNTOWN CLINIC,DR. SMITH,5,9,15.222222222,20.111111111,8.333333333,2.5,3.5,2,3.5,327,1,0.11,2047
NORTHCARE CENTER,DR. LEE,14,12,19.25,18.583333333,4.5,4.5,3,3,5,307,0,0,2019
DOWNTOWN CLINIC,DR. LEE,19,15,16.4,18.733333333,6.933333333,3,2.5,2,3,327,3,0.2,2047
NORTHCARE CENTER,DR. JOHNSON,23,11,14.636363636,19.818181818,6.363636364,4,4,2.333333333,3.333333333,307,2,0.18,2019
EASTSIDE WELLNESS,DR. JOHNSON,22,16,14.875,18.5625,3.1875,3,3,3.625,2.375,321,5,0.31,1975
WESTSIDE HEALTH,DR. LEE,17,11,13.727272727,13.090909091,4.272727273,2.5,4.5,4.5,5,298,0,0,1943
WESTSIDE HEALTH,DR. LEE,18,20,16.25,19.85,5.15,2.666666667,2,3.666666667,4.333333333,298,3,0.15,1943
EASTSIDE WELLNESS,DR. LEE,14,17,14.823529412,18.705882353,5.529411765,3.75,3.5,3.5,3.25,321,3,0.18,1975
NORTHCARE CENTER,DR. KIM,28,9,14.444444444,23.444444444,4.888888889,3.25,2,1.5,3.75,307,2,0.22,2019
EASTSIDE WELLNESS,DR. SMITH,12,9,13,17,4.444444444,2.333333333,3,2.333333333,4.333333333,321,0,0,1975
NORTHCARE CENTER,DR. JOHNSON,6,19,15.842105263,20.684210526,6.842105263,3.666666667,2,4,3.333333333,307,4,0.21,2019
EASTSIDE WELLNESS,DR. JOHNSON,24,14,16.214285714,24.071428571,6.285714286,4,4,5,5,321,3,0.21,1975
NORTHCARE CENTER,DR. PATEL,11,14,16,18.642857143,5.785714286,2.8,3.2,2.4,3.4,307,1,0.07,2019
WESTSIDE HEALTH,DR. PATEL,18,13,16.384615385,22.461538462,4.461538462,2.25,4,1.75,3,298,1,0.08,1943
EASTSIDE WELLNESS,DR. SMITH,5,18,15.166666667,21.722222222,5,2,1.5,4,4.5,321,2,0.11,1975
EASTSIDE WELLNESS,DR. KIM,14,14,14.357142857,17.142857143,5.428571429,2.333333333,3.5,2.833333333,3,321,3,0.21,1975
DOWNTOWN CLINIC,DR. JOHNSON,11,18,16.5,20.611111111,5.611111111,3,2.333333333,1.833333333,2.666666667,327,2,0.11,2047
DOWNTOWN CLINIC,DR. LEE,15,15,13.933333333,21.866666667,7.333333333,3.666666667,2.333333333,2.333333333,3,327,1,0.07,2047
DOWNTOWN CLINIC,DR. SMITH,21,20,14.25,17.2,6.1,2.5,2.75,3.75,4,327,4,0.2,2047
WESTSIDE HEALTH,DR. KIM,26,16,14.375,23.75,5.75,3.285714286,3.428571429,3.428571429,2.571428571,298,2,0.13,1943
WESTSIDE HEALTH,DR. KIM,12,21,16.238095238,21.523809524,5.476190476,3,4,5,2.75,298,4,0.19,1943
NORTHCARE CENTER,DR. PATEL,18,15,17.8,20.266666667,5.466666667,3,4.375,2.375,2.875,307,1,0.07,2019
DOWNTOWN CLINIC,DR. KIM,5,15,16.2,16.466666667,6,3.25,3.5,3.75,1.75,327,3,0.2,2047
EASTSIDE WELLNESS,DR. PATEL,19,14,15.714285714,20.214285714,6.857142857,3.25,1.5,2.75,3.5,321,1,0.07,1975
DOWNTOWN CLINIC,DR. SMITH,14,10,14,16.2,5.8,3.666666667,3.666666667,3.666666667,2.333333333,327,0,0,2047
WESTSIDE HEALTH,DR. JOHNSON,25,16,14.0625,21.1875,5.5625,3.428571429,2.428571429,3.571428571,2.714285714,298,3,0.19,1943
WESTSIDE HEALTH,DR. KIM,27,10,15.5,20.7,6.1,2.5,2,2.833333333,1.833333333,298,0,0,1943
DOWNTOWN CLINIC,DR. JOHNSON,3,16,15,19.3125,4.375,2.833333333,3,3.5,2,327,3,0.19,2047
NORTHCARE CENTER,DR. KIM,7,20,15.1,17.95,5.5,3.142857143,2.285714286,2.142857143,2.571428571,307,5,0.25,2019
EASTSIDE WELLNESS,DR. KIM,28,15,13.733333333,21.066666667,5.6,2.25,3.25,3,1.75,321,0,0,1975
NORTHCARE CENTER,DR. LEE,7,12,16.75,19.666666667,6.333333333,2,3.75,3.75,2,307,1,0.08,2019
WESTSIDE HEALTH,DR. LEE,11,9,14,17.444444444,6.888888889,2.5,3,2.5,3,298,1,0.11,1943
EASTSIDE WELLNESS,DR. SMITH,3,12,14.5,18.5,5.25,1.666666667,2.666666667,2.666666667,2.666666667,321,2,0.17,1975
DOWNTOWN CLINIC,DR. KIM,18,19,15.736842105,19.263157895,5.473684211,2.5,2.25,1.75,2.75,327,5,0.26,2047
UPTOWN MEDICAL,DR. PATEL,13,17,15.941176471,19,6.764705882,2.75,3.25,3,3,292,1,0.06,2016
EASTSIDE WELLNESS,DR. SMITH,17,16,17.375,19.125,6.0625,3.428571429,2.571428571,2.857142857,2.285714286,321,5,0.31,1975
WESTSIDE HEALTH,DR. LEE,20,16,15.3125,20.25,6,3.5,3.25,3,1.5,298,3,0.19,1943
WESTSIDE HEALTH,DR. JOHNSON,15,11,13.545454545,14.181818182,5.272727273,2.428571429,3.285714286,2.857142857,2,298,1,0.09,1943
WESTSIDE HEALTH,DR. LEE,5,21,14.428571429,20.333333333,5.857142857,2.111111111,1.888888889,3.555555556,3.111111111,298,5,0.24,1943
EASTSIDE WELLNESS,DR. LEE,20,16,12.1875,21.25,4,2.714285714,2.571428571,2.571428571,4.285714286,321,4,0.25,1975
UPTOWN MEDICAL,DR. KIM,3,16,13.75,16.5625,5.125,3.25,2.25,3,1.75,292,2,0.13,2016
EASTSIDE WELLNESS,DR. LEE,7,18,14.5,20.722222222,5.111111111,2.166666667,3.5,2.666666667,2.166666667,321,1,0.06,1975
NORTHCARE CENTER,DR. PATEL,21,14,14.928571429,18.428571429,4.928571429,3.5,3.25,4,4.25,307,2,0.14,2019
UPTOWN MEDICAL,DR. PATEL,19,21,15.380952381,16.190476190,6.333333333,2.333333333,2.666666667,2.5,3.166666667,292,4,0.19,2016
WESTSIDE HEALTH,DR. LEE,6,17,14.823529412,19.176470588,4,2,1.833333333,3.166666667,2,298,1,0.06,1943
EASTSIDE WELLNESS,DR. SMITH,18,15,14.733333333,18.866666667,4.666666667,3.2,3.4,3.4,3,321,1,0.07,1975
WESTSIDE HEALTH,DR. LEE,3,18,15.888888889,19.944444444,5.833333333,2,3.166666667,3,2.5,298,2,0.11,1943
UPTOWN MEDICAL,DR. KIM,13,21,15.095238095,19.952380952,5.666666667,2.285714286,3,2.571428571,2.571428571,292,1,0.05,2016
UPTOWN MEDICAL,DR. LEE,22,25,12.8,18.12,5.08,3.25,2.625,3.25,3.25,292,4,0.16,2016
NORTHCARE CENTER,DR. KIM,21,14,14.214285714,17.357142857,4.928571429,2.5,2,4,3,307,1,0.07,2019
EASTSIDE WELLNESS,DR. PATEL,28,11,17.909090909,19.636363636,5.818181818,3.666666667,2.333333333,2.333333333,4,321,2,0.18,1975
NORTHCARE CENTER,DR. JOHNSON,4,19,13.947368421,19.052631579,5.052631579,3.428571429,3.428571429,4,2.714285714,307,2,0.11,2019
UPTOWN MEDICAL,DR. LEE,20,19,15.315789474,21.421052632,6.368421053,4.6,4.4,3.6,3.2,292,5,0.26,2016
NORTHCARE CENTER,DR. PATEL,6,20,15.4,23.6,6.1,3.2,2.2,3.4,2.8,307,1,0.05,2019
EASTSIDE WELLNESS,DR. SMITH,26,10,16.2,19.9,5.2,4.25,2.5,2.5,2.5,321,1,0.1,1975
EASTSIDE WELLNESS,DR. SMITH,8,18,12.722222222,18.222222222,5.833333333,3.333333333,4.666666667,3.666666667,4,321,4,0.22,1975
DOWNTOWN CLINIC,DR. JOHNSON,13,17,14.411764706,19.882352941,6.882352941,3.333333333,3.333333333,3.333333333,3.666666667,327,2,0.12,2047
UPTOWN MEDICAL,DR. SMITH,21,14,16.428571429,18.928571429,4.714285714,2.333333333,4,3,1.666666667,292,2,0.14,2016
WESTSIDE HEALTH,DR. JOHNSON,17,19,14.526315789,23,5.210526316,3.75,3,2.5,3.25,298,7,0.37,1943
WESTSIDE HEALTH,DR. JOHNSON,21,13,16,20.692307692,5.769230769,4,2.666666667,3.666666667,3.333333333,298,4,0.31,1943
NORTHCARE CENTER,DR. KIM,14,11,16.636363636,20.545454545,4.636363636,3.428571429,3.142857143,3.857142857,2.571428571,307,2,0.18,2019
DOWNTOWN CLINIC,DR. SMITH,22,10,16,16.7,6.1,2.6,3.2,2,2.2,327,2,0.2,2047
WESTSIDE HEALTH,DR. PATEL,17,14,16.785714286,24.5,5.857142857,3.555555556,3.333333333,3.222222222,3.222222222,298,1,0.07,1943
NORTHCARE CENTER,DR. KIM,20,13,16.153846154,20.153846154,4.461538462,3,4,3.75,2.5,307,0,0,2019
EASTSIDE WELLNESS,DR. KIM,26,9,14.222222222,24.333333333,4.777777778,5,1.5,1.5,4.5,321,0,0,1975
NORTHCARE CENTER,DR. KIM,19,18,17.722222222,17,5.222222222,1.857142857,4.142857143,2.857142857,2.285714286,307,1,0.06,2019
UPTOWN MEDICAL,DR. KIM,17,19,17.052631579,19.526315789,5.368421053,2.666666667,3,2.666666667,3.666666667,292,4,0.21,2016
UPTOWN MEDICAL,DR. PATEL,17,13,16.384615385,19,6.076923077,2,4,3.5,3.5,292,1,0.08,2016
UPTOWN MEDICAL,DR. JOHNSON,28,12,16.083333333,20.5,4.166666667,,,,,292,0,0,2016
EASTSIDE WELLNESS,DR. JOHNSON,3,13,16.307692308,16,5.461538462,2.666666667,3,3,2.666666667,321,1,0.08,1975
EASTSIDE WELLNESS,DR. JOHNSON,14,11,16.181818182,17,6.090909091,2.6,3.6,3.2,3,321,2,0.18,1975
EASTSIDE WELLNESS,DR. PATEL,3,19,15.842105263,22.052631579,5.526315789,3.333333333,3.5,3.166666667,3.166666667,321,2,0.11,1975
UPTOWN MEDICAL,DR. PATEL,20,14,14.285714286,23.857142857,4.642857143,3,4,2.333333333,3.166666667,292,1,0.07,2016
DOWNTOWN CLINIC,DR. PATEL,25,17,15.882352941,16.941176471,4.176470588,3.25,3.25,4.5,4.5,327,2,0.12,2047
NORTHCARE CENTER,DR. PATEL,28,17,14.176470588,23.823529412,5.176470588,3,5,5,4,307,4,0.24,2019
DOWNTOWN CLINIC,DR. SMITH,3,11,16,22.818181818,5.090909091,2,3,2,5,327,1,0.09,2047
DOWNTOWN CLINIC,DR. SMITH,10,16,13.75,19.25,5.75,3,3.666666667,3.333333333,3.166666667,327,6,0.38,2047
DOWNTOWN CLINIC,DR. SMITH,27,15,15.4,21.266666667,6.266666667,3,1,5,5,327,2,0.13,2047
UPTOWN MEDICAL,DR. SMITH,23,11,15.272727273,24.545454545,4.909090909,3,3,3.333333333,3.5,292,2,0.18,2016
UPTOWN MEDICAL,DR. LEE,11,13,15.461538462,17.692307692,4.461538462,3,3.2,3.2,3,292,0,0,2016
WESTSIDE HEALTH,DR. KIM,19,18,15.055555556,15.888888889,4.833333333,3.75,2.5,3.5,2.5,298,3,0.17,1943
UPTOWN MEDICAL,DR. KIM,5,13,14.461538462,20.692307692,4.692307692,4,2.5,3.5,3.5,292,3,0.23,2016
UPTOWN MEDICAL,DR. LEE,25,11,17,20.636363636,5.909090909,3.5,2.25,1.75,3.75,292,2,0.18,2016
NORTHCARE CENTER,DR. LEE,10,19,15.105263158,19.789473684,6.157894737,3,3.2,2.6,2.2,307,4,0.21,2019
WESTSIDE HEALTH,DR. LEE,7,9,16.222222222,19.555555556,5.777777778,3.333333333,2.666666667,3.666666667,1,298,1,0.11,1943
EASTSIDE WELLNESS,DR. SMITH,21,18,15.444444444,22.388888889,4.5,3.4,3.2,3.4,2.6,321,4,0.22,1975
WESTSIDE HEALTH,DR. SMITH,19,24,13.833333333,20.75,5,2.714285714,3.571428571,3.285714286,3.142857143,298,4,0.17,1943
NORTHCARE CENTER,DR. LEE,16,14,15.357142857,18.285714286,5.714285714,4.25,2.75,2.5,3.25,307,3,0.21,2019
EASTSIDE WELLNESS,DR. LEE,13,14,14.714285714,17.571428571,5.214285714,3.8,3.8,2.8,4.2,321,4,0.29,1975
WESTSIDE HEALTH,DR. KIM,14,11,13.818181818,19.909090909,4.636363636,3.5,2,3,3.25,298,2,0.18,1943
NORTHCARE CENTER,DR. JOHNSON,7,29,15.655172414,22.206896552,5.620689655,3.5,3,2.5,2.625,307,6,0.21,2019
DOWNTOWN CLINIC,DR. JOHNSON,8,18,14.444444444,21.777777778,5.333333333,2.75,1.5,4.25,1.75,327,2,0.11,2047
EASTSIDE WELLNESS,DR. LEE,12,13,16.384615385,20.615384615,5.692307692,5,4,4,2.5,321,0,0,1975
UPTOWN MEDICAL,DR. PATEL,9,18,11.555555556,19.5,5.777777778,3.25,3,2.5,2,292,4,0.22,2016
UPTOWN MEDICAL,DR. KIM,22,11,15.727272727,22.727272727,6.636363636,1.5,3,3,2.5,292,1,0.09,2016
UPTOWN MEDICAL,DR. JOHNSON,19,17,15.529411765,19.411764706,4.823529412,3,2.5,3.166666667,3.5,292,1,0.06,2016
UPTOWN MEDICAL,DR. JOHNSON,27,15,15.2,21.4,3.933333333,3.25,3,2.75,3,292,0,0,2016
UPTOWN MEDICAL,DR. PATEL,14,13,15.615384615,23.384615385,5.538461538,2.833333333,3,3.333333333,3.5,292,2,0.15,2016
DOWNTOWN CLINIC,DR. PATEL,13,7,17.285714286,18.571428571,5.571428571,2.5,3.5,4,3,327,2,0.29,2047
EASTSIDE WELLNESS,DR. SMITH,20,22,14.863636364,19.954545455,6.181818182,3.8,2.6,2.8,3.4,321,5,0.23,1975
EASTSIDE WELLNESS,DR. KIM,24,20,18.75,19.65,4.8,2.6,2.6,3.5,3.3,321,4,0.2,1975
UPTOWN MEDICAL,DR. SMITH,3,5,16,17.2,4.2,3,5,5,5,292,2,0.4,2016
DOWNTOWN CLINIC,DR. KIM,11,13,15.846153846,18.076923077,6.230769231,3,5,4,4,327,1,0.08,2047
WESTSIDE HEALTH,DR. JOHNSON,19,19,15.947368421,21.421052632,5.842105263,2.333333333,3.333333333,3.166666667,3.833333333,298,5,0.26,1943
WESTSIDE HEALTH,DR. KIM,25,20,14.15,19.8,5.65,1.666666667,3.666666667,3.666666667,2.666666667,298,4,0.2,1943
WESTSIDE HEALTH,DR. PATEL,22,24,15.833333333,19.791666667,6.25,2.571428571,2.714285714,3.714285714,2.285714286,298,5,0.21,1943
UPTOWN MEDICAL,DR. JOHNSON,8,14,14.071428571,18.714285714,6.142857143,3,2.333333333,3.666666667,1,292,5,0.36,2016
DOWNTOWN CLINIC,DR. KIM,3,11,12.818181818,19,5.363636364,2,2,4,5,327,2,0.18,2047
DOWNTOWN CLINIC,DR. LEE,22,17,15.647058824,21.058823529,6.235294118,4,2.75,3.25,3.75,327,3,0.18,2047
UPTOWN MEDICAL,DR. KIM,15,17,14,19.235294118,6.764705882,3.166666667,2.833333333,3,2.166666667,292,3,0.18,2016
UPTOWN MEDICAL,DR. PATEL,26,15,16.133333333,18.066666667,4.666666667,2.6,2.6,2.8,3,292,2,0.13,2016
WESTSIDE HEALTH,DR. KIM,18,13,13.461538462,23.692307692,5.692307692,3.666666667,1.666666667,3,2,298,0,0,1943
EASTSIDE WELLNESS,DR. PATEL,6,18,14.222222222,17.444444444,5.111111111,3.25,2,2.5,3,321,3,0.17,1975
UPTOWN MEDICAL,DR. KIM,2,2,7.5,19.5,9,1,3,4,4,292,0,0,2016
UPTOWN MEDICAL,DR. PATEL,12,19,15.842105263,20.368421053,6.157894737,3,2.714285714,1.571428571,2.142857143,292,2,0.11,2016
DOWNTOWN CLINIC,DR. PATEL,15,14,14.214285714,21.214285714,5.285714286,2.833333333,2.833333333,3.166666667,3,327,0,0,2047
EASTSIDE WELLNESS,DR. PATEL,25,15,13.733333333,17.933333333,6.066666667,2.333333333,1.666666667,3.666666667,3.333333333,321,5,0.33,1975
UPTOWN MEDICAL,DR. KIM,14,9,16,16.666666667,4.444444444,4,2.5,4,3,292,0,0,2016
NORTHCARE CENTER,DR. KIM,25,16,13.3125,19.1875,6.1875,2.833333333,2.666666667,3,3.666666667,307,3,0.19,2019
UPTOWN MEDICAL,DR. PATEL,3,22,13.5,20.090909091,4.909090909,2.8,2.3,3.1,3,292,4,0.18,2016
WESTSIDE HEALTH,DR. KIM,20,17,14.352941176,19.176470588,5.764705882,3.25,3.75,2.5,4.25,298,2,0.12,1943
NORTHCARE CENTER,DR. LEE,12,16,14.5,16.8125,4.125,3,3.2,2.6,3.2,307,6,0.38,2019
DOWNTOWN CLINIC,DR. KIM,9,11,16.636363636,18.636363636,5.454545455,1.666666667,3.666666667,2.666666667,3.666666667,327,3,0.27,2047
WESTSIDE HEALTH,DR. JOHNSON,11,13,16.615384615,22.846153846,5.461538462,3.5,2.5,3.25,2.25,298,2,0.15,1943
EASTSIDE WELLNESS,DR. JOHNSON,2,2,11,26.5,6,1.5,2.5,2,4,321,0,0,1975
EASTSIDE WELLNESS,DR. LEE,22,9,14.666666667,19.333333333,6.777777778,4,3,2.5,3.5,321,0,0,1975
NORTHCARE CENTER,DR. PATEL,22,10,15.9,18,4.6,4.666666667,2.333333333,2,3.666666667,307,0,0,2019
DOWNTOWN CLINIC,DR. SMITH,18,12,14.083333333,20.083333333,6.25,2.5,3,4,1.5,327,1,0.08,2047
NORTHCARE CENTER,DR. SMITH,11,22,16.227272727,21.227272727,5.727272727,3,2.125,3.375,2.75,307,4,0.18,2019
DOWNTOWN CLINIC,DR. PATEL,3,23,14.521739130,20.260869565,5.739130435,2.777777778,3.222222222,2.555555556,2.222222222,327,4,0.17,2047
DOWNTOWN CLINIC,DR. PATEL,10,8,15.875,18.875,4.75,3,3,4,4,327,2,0.25,2047
DOWNTOWN CLINIC,DR. LEE,5,27,15.296296296,18.518518519,4.814814815,2.625,3,3.125,3.125,327,4,0.15,2047
DOWNTOWN CLINIC,DR. SMITH,16,20,14.95,20.9,5.6,3.1,2.5,2,2.4,327,2,0.1,2047
EASTSIDE WELLNESS,DR. SMITH,6,15,12.6,20.6,4.4,3.75,3,2.875,2.5,321,1,0.07,1975
WESTSIDE HEALTH,DR. LEE,28,16,15.875,19.9375,4.875,3,2.4,3,2.2,298,4,0.25,1943
EASTSIDE WELLNESS,DR. SMITH,25,15,13.866666667,19.466666667,6.266666667,3.75,4,2.25,4.5,321,4,0.27,1975
EASTSIDE WELLNESS,DR. JOHNSON,17,13,13.153846154,19.769230769,5.153846154,1.666666667,3,3.333333333,3,321,3,0.23,1975
DOWNTOWN CLINIC,DR. PATEL,18,10,16.2,19.9,6.2,3,3,1.5,2,327,1,0.1,2047
NORTHCARE CENTER,DR. LEE,19,12,16.666666667,21.666666667,6.25,3.25,3.75,3,2,307,0,0,2019
UPTOWN MEDICAL,DR. PATEL,25,15,14.266666667,21.666666667,4.2,2.875,3.125,3.25,3,292,1,0.07,2016
NORTHCARE CENTER,DR. KIM,18,16,14.6875,17.875,4.9375,3.666666667,3,2.833333333,3.166666667,307,2,0.13,2019
NORTHCARE CENTER,DR. LEE,22,17,11.352941176,18.352941176,5.705882353,2,3.666666667,4.666666667,2.666666667,307,3,0.18,2019
DOWNTOWN CLINIC,DR. KIM,28,16,13.5,22.375,6.1875,3.666666667,2.333333333,2.333333333,2.666666667,327,5,0.31,2047
NORTHCARE CENTER,DR. LEE,25,19,13.842105263,18.315789474,5.473684211,1.75,3.5,3.25,2.75,307,3,0.16,2019
UPTOWN MEDICAL,DR. KIM,27,11,13.727272727,18,4.363636364,4,2.5,2.5,3.5,292,2,0.18,2016
NORTHCARE CENTER,DR. LEE,18,15,12.733333333,18.866666667,5,3,1.333333333,3,4.333333333,307,4,0.27,2019
DOWNTOWN CLINIC,DR. SMITH,11,20,14.1,17.9,5.8,2.4,2.8,3.2,3,327,4,0.2,2047
WESTSIDE HEALTH,DR. PATEL,19,18,15.888888889,17.333333333,5.055555556,2.875,2.5,2.375,2.875,298,3,0.17,1943
DOWNTOWN CLINIC,DR. PATEL,5,17,17.882352941,20.647058824,5.411764706,1.5,3.5,2,3,327,2,0.12,2047
NORTHCARE CENTER,DR. SMITH,19,11,13.454545455,22,5.454545455,2,3,3,4,307,0,0,2019
EASTSIDE WELLNESS,DR. PATEL,10,11,15.363636364,17.454545455,6.545454545,2.4,4.2,3.2,2,321,1,0.09,1975
NORTHCARE CENTER,DR. JOHNSON,13,16,15.8125,20.25,6.375,2,2.75,3,3.25,307,1,0.06,2019
UPTOWN MEDICAL,DR. PATEL,5,16,16,19.125,5.5,4.666666667,2.333333333,2.666666667,3.333333333,292,0,0,2016
UPTOWN MEDICAL,DR. JOHNSON,17,19,16.526315789,22.105263158,5.263157895,3.333333333,3,2.666666667,2,292,3,0.16,2016
WESTSIDE HEALTH,DR. SMITH,20,10,17,18.9,6.3,2.5,1.5,4.5,2.5,298,3,0.3,1943
EASTSIDE WELLNESS,DR. PATEL,21,13,14.307692308,17.076923077,6.307692308,2.6,1.6,1.8,1.8,321,1,0.08,1975
WESTSIDE HEALTH,DR. SMITH,14,15,15.6,16,5.8,3.2,3.4,2.6,2.6,298,0,0,1943
NORTHCARE CENTER,DR. JOHNSON,20,15,12.933333333,22.6,4.6,3.666666667,4,2.666666667,1,307,1,0.07,2019
NORTHCARE CENTER,DR. SMITH,10,13,15.307692308,17.153846154,5.615384615,3.25,1.75,2.75,3,307,2,0.15,2019
WESTSIDE HEALTH,DR. JOHNSON,20,12,14.583333333,20.666666667,5.416666667,4,3.5,2.5,2,298,3,0.25,1943
DOWNTOWN CLINIC,DR. KIM,20,15,14.333333333,17.666666667,5,1.333333333,3.333333333,2.333333333,2.666666667,327,1,0.07,2047
EASTSIDE WELLNESS,DR. PATEL,8,13,14.307692308,21.846153846,5.692307692,4.333333333,2,2.666666667,3,321,2,0.15,1975
WESTSIDE HEALTH,DR. JOHNSON,26,18,16,18.722222222,5.111111111,3,4.6,1.4,2.8,298,4,0.22,1943
DOWNTOWN CLINIC,DR. KIM,14,12,13.5,17,4.833333333,1.75,3,2.25,2.5,327,2,0.17,2047
UPTOWN MEDICAL,DR. JOHNSON,24,17,16.235294118,19.647058824,6,4,2.777777778,3.444444444,1.777777778,292,6,0.35,2016
WESTSIDE HEALTH,DR. JOHNSON,27,18,14.611111111,21.166666667,4.944444444,3.166666667,4.166666667,3.166666667,3.166666667,298,3,0.17,1943
DOWNTOWN CLINIC,DR. LEE,27,12,16.666666667,19.333333333,5.25,2.142857143,2.857142857,2.857142857,3.857142857,327,1,0.08,2047
WESTSIDE HEALTH,DR. SMITH,18,12,15.75,19.5,3.5,3,3.2,3.6,2.4,298,1,0.08,1943
UPTOWN MEDICAL,DR. KIM,28,10,14.5,19.1,5.5,3.666666667,2,2.333333333,1.666666667,292,0,0,2016
UPTOWN MEDICAL,DR. JOHNSON,15,18,13.722222222,18.777777778,6.722222222,2,3,3,2.5,292,2,0.11,2016
UPTOWN MEDICAL,DR. SMITH,11,16,14.8125,21.5625,4.625,4,2.333333333,3,3,292,3,0.19,2016
NORTHCARE CENTER,DR. SMITH,22,23,17.043478261,22.217391304,5.739130435,2.75,3.375,2.875,2.25,307,2,0.09,2019
EASTSIDE WELLNESS,DR. SMITH,22,15,14.333333333,19.533333333,5.4,2.285714286,3.571428571,3.428571429,3.857142857,321,2,0.13,1975
UPTOWN MEDICAL,DR. LEE,27,15,16.666666667,18.133333333,4.666666667,3,3,2.25,2.75,292,2,0.13,2016
UPTOWN MEDICAL,DR. JOHNSON,25,18,16,17.277777778,5.722222222,3.4,3.8,3.2,2.4,292,2,0.11,2016
NORTHCARE CENTER,DR. KIM,23,13,16.692307692,21.615384615,5.461538462,1.25,3.25,3,2.75,307,2,0.15,2019
UPTOWN MEDICAL,DR. PATEL,28,25,13.36,20.04,6.48,3,1.833333333,3.333333333,2.166666667,292,2,0.08,2016
NORTHCARE CENTER,DR. KIM,3,11,15.818181818,16.727272727,5.636363636,2.25,3.5,3.25,3.75,307,0,0,2019
DOWNTOWN CLINIC,DR. LEE,18,12,14.583333333,20.583333333,6.083333333,3.25,2.5,2,3.25,327,0,0,2047
WESTSIDE HEALTH,DR. SMITH,5,17,14.882352941,22.176470588,7.117647059,3.666666667,3.166666667,4.5,2.833333333,298,0,0,1943
UPTOWN MEDICAL,DR. SMITH,9,14,16,19.642857143,4.785714286,3,3.25,4,3.25,292,2,0.14,2016
EASTSIDE WELLNESS,DR. PATEL,18,11,15.545454545,14.272727273,5.909090909,4.333333333,2,3,3.666666667,321,2,0.18,1975
UPTOWN MEDICAL,DR. LEE,8,13,16.461538462,17.461538462,4.923076923,3.666666667,3.333333333,4.333333333,3.333333333,292,1,0.08,2016
EASTSIDE WELLNESS,DR. KIM,22,16,13.9375,19.9375,4.6875,2.6,3,2.4,4,321,1,0.06,1975
EASTSIDE WELLNESS,DR. KIM,23,25,15.04,21.2,5.28,2.5,2.75,2.625,3,321,2,0.08,1975
UPTOWN MEDICAL,DR. PATEL,4,11,14.545454545,18.727272727,5.727272727,2.333333333,3.333333333,2.666666667,2.666666667,292,1,0.09,2016
EASTSIDE WELLNESS,DR. KIM,12,10,15.7,19.3,6.8,2.5,3.5,3.25,3.25,321,0,0,1975
NORTHCARE CENTER,DR. PATEL,13,19,14.789473684,19.842105263,5.157894737,2.727272727,3.727272727,3,2.636363636,307,8,0.42,2019
NORTHCARE CENTER,DR. SMITH,7,27,15.666666667,20.629629630,5.814814815,3,2.666666667,2.5,2.833333333,307,5,0.19,2019
DOWNTOWN CLINIC,DR. SMITH,19,14,13.928571429,14.071428571,5.714285714,3,3,3.5,5,327,4,0.29,2047
DOWNTOWN CLINIC,DR. SMITH,15,14,13.214285714,15.857142857,4.071428571,,,,,327,4,0.29,2047
NORTHCARE CENTER,DR. KIM,2,4,12.25,12,7.5,5,3,3,1,307,1,0.25,2019
WESTSIDE HEALTH,DR. SMITH,17,16,14.5625,17.9375,7.1875,3.666666667,1.666666667,4.333333333,2.666666667,298,2,0.13,1943
DOWNTOWN CLINIC,DR. LEE,12,9,14.222222222,17.333333333,8.777777778,3.666666667,2.666666667,2.333333333,2.666666667,327,2,0.22,2047
UPTOWN MEDICAL,DR. PATEL,6,23,14.608695652,18.260869565,5.608695652,2.5,2.5,3.625,3,292,4,0.17,2016
NORTHCARE CENTER,DR. LEE,27,13,16,19.538461538,5.461538462,3,3,3.8,2.2,307,1,0.08,2019
DOWNTOWN CLINIC,DR. KIM,23,24,16.583333333,22.25,6.125,2.333333333,3.166666667,3,2,327,3,0.13,2047
EASTSIDE WELLNESS,DR. PATEL,11,16,15.625,19.6875,5.8125,3,3.222222222,3.444444444,3.333333333,321,1,0.06,1975
WESTSIDE HEALTH,DR. PATEL,20,20,13.8,19.75,4.8,3.333333333,3.166666667,3,2.666666667,298,6,0.3,1943
EASTSIDE WELLNESS,DR. JOHNSON,27,12,14.083333333,20.916666667,6.25,2.5,2,3,4.5,321,1,0.08,1975
WESTSIDE HEALTH,DR. PATEL,7,14,16.357142857,19.857142857,6.142857143,2.4,2.6,3.6,3.4,298,2,0.14,1943
EASTSIDE WELLNESS,DR. JOHNSON,4,24,14.666666667,20.375,6.083333333,2.333333333,3.166666667,3,2.833333333,321,5,0.21,1975
DOWNTOWN CLINIC,DR. JOHNSON,15,18,14.055555556,20.777777778,5.277777778,3.2,3.8,3.6,1.6,327,3,0.17,2047
UPTOWN MEDICAL,DR. LEE,24,10,14.3,16.2,6.8,3.333333333,2.333333333,2.333333333,3,292,0,0,2016
NORTHCARE CENTER,DR. SMITH,13,12,14.833333333,16.75,4.25,3,3.333333333,3.666666667,1.666666667,307,1,0.08,2019
DOWNTOWN CLINIC,DR. SMITH,4,22,14.409090909,20.409090909,6.363636364,2.5,2.25,3.75,2,327,6,0.27,2047
DOWNTOWN CLINIC,DR. JOHNSON,25,17,14.588235294,20.352941176,4.882352941,2.8,3.6,2.6,2.8,327,3,0.18,2047
NORTHCARE CENTER,DR. KIM,26,17,15.235294118,18.470588235,6,3.4,2.4,3.2,3.6,307,4,0.24,2019
DOWNTOWN CLINIC,DR. SMITH,25,21,13.571428571,18.809523810,5.952380952,4.2,2.6,3.4,3,327,3,0.14,2047
NORTHCARE CENTER,DR. JOHNSON,9,15,15.133333333,17.533333333,4.133333333,2,1.666666667,3,2.333333333,307,1,0.07,2019
EASTSIDE WELLNESS,DR. LEE,23,12,18.333333333,21,6.416666667,3,2.5,3,2.5,321,0,0,1975
DOWNTOWN CLINIC,DR. JOHNSON,7,17,15.647058824,22.117647059,5.470588235,2.5,3.25,3.5,4,327,1,0.06,2047
DOWNTOWN CLINIC,DR. SMITH,26,12,15.416666667,19.916666667,4.666666667,2.5,3.166666667,2.5,2.666666667,327,2,0.17,2047
NORTHCARE CENTER,DR. PATEL,25,23,15.043478261,19.130434783,5.695652174,2.333333333,3.666666667,2.333333333,2,307,5,0.22,2019
WESTSIDE HEALTH,DR. KIM,6,15,13.866666667,23.066666667,5.8,2,4,3,2.8,298,4,0.27,1943
WESTSIDE HEALTH,DR. KIM,28,9,16.888888889,21.111111111,5.222222222,3.5,3.5,4,2,298,2,0.22,1943
EASTSIDE WELLNESS,DR. JOHNSON,11,7,14.571428571,21.714285714,3.857142857,3.333333333,3,2.666666667,3.333333333,321,3,0.43,1975
UPTOWN MEDICAL,DR. SMITH,16,14,15.785714286,23.357142857,5.142857143,1,5,3.333333333,3,292,2,0.14,2016
DOWNTOWN CLINIC,DR. JOHNSON,21,22,13.818181818,20.045454545,4.818181818,3.833333333,2.5,2.166666667,3,327,3,0.14,2047
NORTHCARE CENTER,DR. SMITH,3,9,13.888888889,20.444444444,4.666666667,2,3,3.5,1,307,1,0.11,2019
NORTHCARE CENTER,DR. SMITH,16,29,16.862068966,22.448275862,6.344827586,2.933333333,3.066666667,3.333333333,3,307,4,0.14,2019
WESTSIDE HEALTH,DR. PATEL,16,14,15.357142857,18.714285714,5.214285714,2.571428571,3.142857143,3.285714286,3.714285714,298,2,0.14,1943
DOWNTOWN CLINIC,DR. PATEL,14,20,13.1,18.7,5.75,3.5,3.666666667,2.166666667,3.5,327,3,0.15,2047
EASTSIDE WELLNESS,DR. SMITH,7,13,13.076923077,14.769230769,6.461538462,2,3.75,4.5,4.25,321,3,0.23,1975
EASTSIDE WELLNESS,DR. KIM,25,18,14.5,21.444444444,3.833333333,2.4,2.6,2.2,2.8,321,3,0.17,1975
DOWNTOWN CLINIC,DR. SMITH,23,18,15.222222222,20.388888889,5.666666667,3.25,2.25,3.5,3.75,327,4,0.22,2047
EASTSIDE WELLNESS,DR. PATEL,27,16,14.75,21.3125,4.875,3,1.5,2,1,321,1,0.06,1975
EASTSIDE WELLNESS,DR. LEE,10,19,14.578947368,22.105263158,6.736842105,3.25,3.25,3,2.75,321,4,0.21,1975
DOWNTOWN CLINIC,DR. PATEL,17,12,13.666666667,18,5.25,2.8,2.8,2.4,2.8,327,4,0.33,2047
NORTHCARE CENTER,DR. KIM,15,14,14.714285714,20.214285714,6.928571429,1.5,3,1.5,2.5,307,1,0.07,2019
UPTOWN MEDICAL,DR. SMITH,5,11,14.545454545,23.454545455,5.090909091,3.5,3.5,3,3.5,292,0,0,2016
UPTOWN MEDICAL,DR. JOHNSON,13,17,15.941176471,20.705882353,4.941176471,3.428571429,2.142857143,3.428571429,2.428571429,292,1,0.06,2016
NORTHCARE CENTER,DR. PATEL,9,16,14.3125,21.5625,5.4375,3,3,2,2.333333333,307,3,0.19,2019
NORTHCARE CENTER,DR. LEE,17,12,12.666666667,21.916666667,6.333333333,3,2,3.333333333,2,307,3,0.25,2019
WESTSIDE HEALTH,DR. JOHNSON,4,18,13.722222222,18.333333333,5.777777778,3.428571429,3.428571429,3.714285714,3,298,4,0.22,1943
NORTHCARE CENTER,DR. JOHNSON,16,8,13.125,21,5.75,1.5,3.5,2,3,307,0,0,2019
UPTOWN MEDICAL,DR. SMITH,12,15,12.533333333,16.533333333,5.466666667,2.333333333,2.666666667,2.333333333,3.333333333,292,2,0.13,2016
EASTSIDE WELLNESS,DR. KIM,11,13,16.153846154,20,3.692307692,1.8,3.8,2.6,3,321,3,0.23,1975
NORTHCARE CENTER,DR. KIM,27,17,14,22,5,3.285714286,2.285714286,4.285714286,2.571428571,307,3,0.18,2019
EASTSIDE WELLNESS,DR. PATEL,2,2,10,18.5,3,5,3,3,4,321,1,0.5,1975
NORTHCARE CENTER,DR. PATEL,16,15,15.133333333,21.933333333,3.333333333,3,3,3.5,4.25,307,1,0.07,2019
UPTOWN MEDICAL,DR. PATEL,16,20,16,20.5,5.15,3.75,2.5,3.25,3.25,292,2,0.1,2016
WESTSIDE HEALTH,DR. SMITH,9,15,15.466666667,17.666666667,4.8,3.2,3.2,3,2.2,298,4,0.27,1943
DOWNTOWN CLINIC,DR. LEE,21,14,14,25.142857143,4.714285714,2,4.142857143,3.142857143,2.857142857,327,2,0.14,2047
WESTSIDE HEALTH,DR. LEE,27,19,15.631578947,19.684210526,4.526315789,4,3.142857143,3.571428571,3.142857143,298,3,0.16,1943
NORTHCARE CENTER,DR. JOHNSON,21,13,15.538461538,19.076923077,4.615384615,3,4,4,4,307,1,0.08,2019
EASTSIDE WELLNESS,DR. SMITH,28,12,14.583333333,20,4.25,4.333333333,4,4,2.333333333,321,2,0.17,1975
DOWNTOWN CLINIC,DR. SMITH,8,21,14.809523810,22.285714286,6.761904762,3,3.75,2,2.5,327,1,0.05,2047
NORTHCARE CENTER,DR. PATEL,2,3,13.333333333,19.333333333,7,,,,,307,0,0,2019
UPTOWN MEDICAL,DR. SMITH,8,11,15.545454545,20.545454545,7.363636364,2,3,2.5,1.5,292,3,0.27,2016
EASTSIDE WELLNESS,DR. JOHNSON,19,17,14.764705882,16.588235294,5.647058824,3,3.2,2,2.4,321,4,0.24,1975
DOWNTOWN CLINIC,DR. PATEL,7,13,15,17.692307692,5.461538462,3.333333333,3.833333333,2.333333333,3,327,3,0.23,2047
UPTOWN MEDICAL,DR. KIM,4,16,15.6875,20.125,6.6875,2.75,2,3,1.75,292,2,0.13,2016
WESTSIDE HEALTH,DR. PATEL,11,13,14.846153846,22.538461538,4.846153846,3,5,1,4,298,1,0.08,1943
WESTSIDE HEALTH,DR. SMITH,4,19,13.894736842,19.789473684,4.894736842,2.333333333,2.833333333,3.666666667,4,298,2,0.11,1943
EASTSIDE WELLNESS,DR. LEE,6,12,14.916666667,18.916666667,5.083333333,2.25,2.75,3.25,3.5,321,0,0,1975
DOWNTOWN CLINIC,DR. JOHNSON,9,10,16.8,21,3.9,5,5,4,4,327,2,0.2,2047
DOWNTOWN CLINIC,DR. LEE,14,13,15.538461538,19.076923077,5.461538462,2,2.6,2.6,2.6,327,4,0.31,2047
DOWNTOWN CLINIC,DR. SMITH,20,17,14.588235294,18.235294118,4.529411765,3.4,2.8,4,2.4,327,3,0.18,2047
WESTSIDE HEALTH,DR. KIM,9,10,14.8,22.8,4.7,3.5,4,2.5,3,298,1,0.1,1943
EASTSIDE WELLNESS,DR. LEE,18,17,16.352941176,20.058823529,6.705882353,2.166666667,3.833333333,2.833333333,3.333333333,321,2,0.12,1975
DOWNTOWN CLINIC,DR. KIM,2,4,17,19.75,6.25,,,,,327,2,0.5,2047
NORTHCARE CENTER,DR. PATEL,5,16,14.375,21.125,5.375,2,2.5,2.75,3.5,307,5,0.31,2019
UPTOWN MEDICAL,DR. SMITH,14,17,14.352941176,20.941176471,5.764705882,3,3.166666667,2.833333333,2.833333333,292,3,0.18,2016
NORTHCARE CENTER,DR. JOHNSON,8,14,17.5,21.214285714,6.285714286,2.75,3.75,2.75,3.25,307,2,0.14,2019
WESTSIDE HEALTH,DR. SMITH,16,19,14.157894737,16.631578947,5.210526316,2.8,3.2,4.6,2.2,298,4,0.21,1943
UPTOWN MEDICAL,DR. PATEL,8,15,15.066666667,19.666666667,5.133333333,3,3.25,2.5,3,292,1,0.07,2016
NORTHCARE CENTER,DR. KIM,4,16,15.625,20.5,5.6875,3.4,3,3,3.4,307,3,0.19,2019
EASTSIDE WELLNESS,DR. PATEL,22,14,14.5,19.571428571,5.071428571,2.8,3.6,2,2.2,321,3,0.21,1975
WESTSIDE HEALTH,DR. JOHNSON,12,14,14.785714286,18.285714286,5.857142857,5,5,5,2,298,1,0.07,1943
EASTSIDE WELLNESS,DR. JOHNSON,26,21,17.238095238,21.380952381,5.285714286,2.9,3.1,3.4,2.9,321,3,0.14,1975
UPTOWN MEDICAL,DR. JOHNSON,18,21,13.952380952,20.095238095,4.714285714,3.6,3,3.8,2.4,292,2,0.1,2016
WESTSIDE HEALTH,DR. PATEL,13,13,17.153846154,20.076923077,6.923076923,3.75,2.25,2.75,2.75,298,1,0.08,1943
NORTHCARE CENTER,DR. JOHNSON,24,15,13.6,17.666666667,5.733333333,3,2,2,5,307,0,0,2019
UPTOWN MEDICAL,DR. LEE,19,15,14.466666667,23.4,4.666666667,3.625,3.5,2.875,3.375,292,4,0.27,2016
EASTSIDE WELLNESS,DR. JOHNSON,7,13,14.923076923,22.384615385,7,2.333333333,4,3,2.333333333,321,2,0.15,1975
UPTOWN MEDICAL,DR. JOHNSON,12,17,15.647058824,22,5.176470588,3.75,4,3.75,2.75,292,2,0.12,2016
WESTSIDE HEALTH,DR. KIM,7,10,13.5,22.2,5.9,3,1.333333333,2,3,298,4,0.4,1943
EASTSIDE WELLNESS,DR. LEE,21,15,13.666666667,23.133333333,4.466666667,3,2.5,2.833333333,2.833333333,321,2,0.13,1975
UPTOWN MEDICAL,DR. KIM,9,15,15.533333333,19.266666667,5.4,3.5,3,1.5,4.5,292,3,0.2,2016
WESTSIDE HEALTH,DR. SMITH,3,14,16.071428571,17.714285714,5.785714286,3,2.8,2.4,2.8,298,1,0.07,1943
NORTHCARE CENTER,DR. KIM,8,16,14.0625,19.6875,5.0625,2.333333333,3.333333333,2,1.666666667,307,1,0.06,2019
EASTSIDE WELLNESS,DR. LEE,15,17,16.235294118,21.058823529,4.823529412,3,2,2.75,2.875,321,5,0.29,1975
DOWNTOWN CLINIC,DR. PATEL,4,17,14.588235294,19.823529412,5.411764706,3.666666667,1,2.666666667,2.333333333,327,3,0.18,2047
UPTOWN MEDICAL,DR. JOHNSON,22,9,16,22.666666667,6.333333333,2.333333333,3,3,2.333333333,292,2,0.22,2016
NORTHCARE CENTER,DR. KIM,24,17,14.764705882,20.823529412,5.411764706,2.777777778,2.888888889,3.444444444,3.111111111,307,2,0.12,2019
UPTOWN MEDICAL,DR. SMITH,26,13,17.769230769,18.384615385,5.384615385,3.25,3.25,3,3,292,3,0.23,2016
EASTSIDE WELLNESS,DR. LEE,3,17,13.470588235,20.235294118,5.588235294,3,3.333333333,3,3,321,3,0.18,1975
EASTSIDE WELLNESS,DR. PATEL,23,20,16.15,19.85,6.3,3,3.8,3,2.6,321,7,0.35,1975
DOWNTOWN CLINIC,DR. KIM,15,19,14.736842105,22.631578947,6.789473684,2.714285714,2.142857143,4,2.714285714,327,3,0.16,2047
NORTHCARE CENTER,DR. SMITH,2,3,11,17.666666667,6.333333333,3.5,2,1.5,1.5,307,1,0.33,2019
DOWNTOWN CLINIC,DR. PATEL,11,19,14.157894737,18.736842105,5.578947368,2.5,2,4.25,3,327,3,0.16,2047
DOWNTOWN CLINIC,DR. JOHNSON,16,15,13.333333333,18.6,4.8,3.833333333,1.666666667,2.833333333,3.166666667,327,1,0.07,2047
UPTOWN MEDICAL,DR. SMITH,25,12,15.083333333,19.5,6.583333333,1.8,2.2,2.6,4,292,3,0.25,2016
NORTHCARE CENTER,DR. JOHNSON,25,17,15.647058824,23.882352941,6.058823529,3.428571429,2.428571429,3.714285714,3.428571429,307,4,0.24,2019
EASTSIDE WELLNESS,DR. LEE,28,17,13.647058824,21.176470588,5.352941176,3.6,2.8,2.6,3.2,321,1,0.06,1975
UPTOWN MEDICAL,DR. SMITH,2,3,13.333333333,16,9.666666667,,,,,292,2,0.67,2016
DOWNTOWN CLINIC,DR. SMITH,24,20,13.35,18.25,5.85,3.285714286,2.857142857,2.857142857,3.285714286,327,3,0.15,2047
NORTHCARE CENTER,DR. JOHNSON,17,16,12.8125,19.875,6.1875,3.333333333,2.333333333,4,2.333333333,307,2,0.13,2019
EASTSIDE WELLNESS,DR. JOHNSON,18,13,14.923076923,19.538461538,4.615384615,3,2.8,3.4,3.8,321,3,0.23,1975
WESTSIDE HEALTH,DR. KIM,4,14,16.071428571,20.071428571,6.642857143,3.125,2.25,3,3.375,298,3,0.21,1943
NORTHCARE CENTER,DR. KIM,16,20,15.7,20.1,5.3,1.666666667,3.166666667,4,2.166666667,307,3,0.15,2019
WESTSIDE HEALTH,DR. LEE,13,15,16,16.066666667,5.066666667,4.75,2.75,4.25,3.5,298,0,0,1943
WESTSIDE HEALTH,DR. PATEL,2,2,12,18.5,3.5,3,4.5,3,1.5,298,0,0,1943
DOWNTOWN CLINIC,DR. LEE,3,16,14.75,19.3125,5.4375,3,2.666666667,3,4.333333333,327,3,0.19,2047
NORTHCARE CENTER,DR. SMITH,5,13,13.923076923,16.153846154,4.769230769,3.333333333,3.333333333,3.666666667,3.333333333,307,0,0,2019
UPTOWN MEDICAL,DR. LEE,6,11,14.272727273,21.636363636,5.909090909,4.25,3.25,3.75,1.75,292,1,0.09,2016
UPTOWN MEDICAL,DR. LEE,3,16,15.5,20.25,4.6875,2.5,2.75,4,3,292,2,0.13,2016
NORTHCARE CENTER,DR. JOHNSON,10,14,15.142857143,22.642857143,4.714285714,2.2,2.4,2.6,3.6,307,4,0.29,2019
DOWNTOWN CLINIC,DR. KIM,8,22,16.681818182,21.181818182,5.272727273,2.5,3.25,1.75,3.25,327,1,0.05,2047
WESTSIDE HEALTH,DR. KIM,24,15,14.266666667,18,6.133333333,2.5,4.25,3,4,298,3,0.2,1943
UPTOWN MEDICAL,DR. LEE,7,19,13.315789474,18.842105263,5.421052632,2,3.6,2.6,3.2,292,2,0.11,2016
EASTSIDE WELLNESS,DR. SMITH,10,21,14.142857143,19.714285714,6.428571429,2.428571429,3.142857143,3.142857143,3,321,4,0.19,1975
UPTOWN MEDICAL,DR. SMITH,6,17,16.058823529,18.411764706,5.764705882,2.8,3.8,3.6,2.6,292,2,0.12,2016
WESTSIDE HEALTH,DR. SMITH,27,9,14.888888889,22.111111111,6.444444444,2,3,3,2,298,0,0,1943
NORTHCARE CENTER,DR. PATEL,27,21,14.142857143,21.285714286,5.857142857,2,2.25,3,3.25,307,6,0.29,2019
DOWNTOWN CLINIC,DR. KIM,27,13,13.230769231,24.538461538,5.692307692,3.25,3,3.25,3.5,327,3,0.23,2047
DOWNTOWN CLINIC,DR. PATEL,23,21,18.809523810,20.476190476,5.380952381,3.555555556,3.222222222,3.777777778,3.222222222,327,6,0.29,2047
UPTOWN MEDICAL,DR. JOHNSON,26,8,15.125,19.75,5.25,2.25,4.75,3.25,3,292,2,0.25,2016
DOWNTOWN CLINIC,DR. JOHNSON,27,11,17.090909091,17.909090909,3.818181818,1.5,3,2.5,1.75,327,1,0.09,2047
UPTOWN MEDICAL,DR. SMITH,20,14,13.928571429,18.142857143,5.714285714,2.625,3.125,2.375,2.375,292,2,0.14,2016
WESTSIDE HEALTH,DR. SMITH,25,18,14.944444444,20.388888889,5.222222222,3.8,3,3,2.8,298,5,0.28,1943
WESTSIDE HEALTH,DR. JOHNSON,3,17,14.882352941,23,4.529411765,3.833333333,2.5,3.333333333,2.666666667,298,0,0,1943
UPTOWN MEDICAL,DR. LEE,23,15,15.866666667,17,5.8,3.75,2.75,3.75,2.75,292,3,0.2,2016
EASTSIDE WELLNESS,DR. JOHNSON,23,13,16.692307692,20.846153846,4.384615385,3,2,2.25,3.5,321,2,0.15,1975
EASTSIDE WELLNESS,DR. LEE,24,16,17.4375,19.75,5.75,3.666666667,3.666666667,2,3.333333333,321,4,0.25,1975
DOWNTOWN CLINIC,DR. LEE,25,11,13.818181818,20.727272727,6.818181818,4.5,3,2,1.5,327,3,0.27,2047
